{"asctime": "2026-09-19 19:32:03,049", "levelname": "INFO", "name": "invoice_app", "message": "Job submitted", "job_id": "d3786bf4-b623-4ea4-999b-1f9b3aeb38ae", "event": "job_submitted", "customer": "Sara Yasin"}
{"asctime": "2026-09-19 19:32:03,977", "levelname": "INFO", "name": "invoice_app", "message": "Job processing started", "job_id": "d3786bf4-b623-4ea4-999b-1f9b3aeb38ae", "event": "job_started"}
{"asctime": "2026-09-19 19:32:08,125", "levelname": "INFO", "name": "invoice_app", "message": "Job submitted", "job_id": "0cf72b3c-186c-4462-9b6d-2b9ba96cdc4e", "event": "job_submitted", "customer": "Rida Sultan"}
{"asctime": "2026-09-19 19:32:11,987", "levelname": "INFO", "name": "invoice_app", "message": "Job completed successfully", "job_id": "d3786bf4-b623-4ea4-999b-1f9b3aeb38ae", "event": "job_completed", "file": "invoices/invoice_d3786bf4-b623-4ea4-999b-1f9b3aeb38ae.pdf", "duration_seconds": 8.009164571762085, "invoice_total": 22}
{"asctime": "2026-09-19 19:32:12,995", "levelname": "INFO", "name": "invoice_app", "message": "Job processing started", "job_id": "0cf72b3c-186c-4462-9b6d-2b9ba96cdc4e", "event": "job_started"}
{"asctime": "2026-09-19 19:32:20,997", "levelname": "INFO", "name": "invoice_app", "message": "Job completed successfully", "job_id": "0cf72b3c-186c-4462-9b6d-2b9ba96cdc4e", "event": "job_completed", "file": "invoices/invoice_0cf72b3c-186c-4462-9b6d-2b9ba96cdc4e.pdf", "duration_seconds": 8.001719951629639, "invoice_total": 45}
{"asctime": "2026-09-19 19:53:44,527", "levelname": "INFO", "name": "invoice_app", "message": "Job submitted", "job_id": "d172971f-0602-4d30-81ed-cf4bb743faff", "event_type": "job_submitted", "customer": "Sarah Khan"}
{"asctime": "2026-09-19 19:53:44,562", "levelname": "INFO", "name": "invoice_app", "message": "Job processing started", "job_id": "d172971f-0602-4d30-81ed-cf4bb743faff", "event_type": "job_started"}
{"asctime": "2026-09-19 19:53:52,572", "levelname": "INFO", "name": "invoice_app", "message": "Job completed successfully", "job_id": "d172971f-0602-4d30-81ed-cf4bb743faff", "event_type": "job_completed", "invoice_file": "invoices/invoice_d172971f-0602-4d30-81ed-cf4bb743faff.pdf", "duration_seconds": 8.009877920150757, "invoice_total": 998}
{"asctime": "2026-09-19 19:55:02,457", "levelname": "INFO", "name": "invoice_app", "message": "Job submitted", "job_id": "863cb054-1a00-4968-b123-812248c0fc47", "event_type": "job_submitted", "customer": "Hassan Iqbal"}
{"asctime": "2026-09-19 19:55:02,609", "levelname": "INFO", "name": "invoice_app", "message": "Job processing started", "job_id": "863cb054-1a00-4968-b123-812248c0fc47", "event_type": "job_started"}
{"asctime": "2026-09-19 19:55:10,613", "levelname": "INFO", "name": "invoice_app", "message": "Job completed successfully", "job_id": "863cb054-1a00-4968-b123-812248c0fc47", "event_type": "job_completed", "invoice_file": "invoices/invoice_863cb054-1a00-4968-b123-812248c0fc47.pdf", "duration_seconds": 8.002729177474976, "invoice_total": 24}
{"asctime": "2026-09-19 20:04:38,048", "levelname": "INFO", "name": "invoice_app", "message": "Job submitted", "job_id": "283ee02c-eff9-462a-b91c-6bef2da0df44", "event_type": "job_submitted", "customer": "Amina Fayyaz"}
{"asctime": "2026-09-19 20:04:38,910", "levelname": "INFO", "name": "invoice_app", "message": "Job processing started", "job_id": "283ee02c-eff9-462a-b91c-6bef2da0df44", "event_type": "job_started"}
{"asctime": "2026-09-19 20:04:43,375", "levelname": "INFO", "name": "invoice_app", "message": "Job submitted", "job_id": "ed17dc6e-dcde-4755-a77e-b46e7368f50f", "event_type": "job_submitted", "customer": "Zeeshan Malik"}
{"asctime": "2026-09-19 20:04:46,936", "levelname": "INFO", "name": "invoice_app", "message": "Job completed successfully", "job_id": "283ee02c-eff9-462a-b91c-6bef2da0df44", "event_type": "job_completed", "invoice_file": "invoices/invoice_283ee02c-eff9-462a-b91c-6bef2da0df44.pdf", "duration_seconds": 8.024930477142334, "invoice_total": 24}
{"asctime": "2026-09-19 20:04:47,937", "levelname": "INFO", "name": "invoice_app", "message": "Job processing started", "job_id": "ed17dc6e-dcde-4755-a77e-b46e7368f50f", "event_type": "job_started"}
{"asctime": "2026-09-19 20:04:50,664", "levelname": "INFO", "name": "invoice_app", "message": "Job submitted", "job_id": "ced1d520-bccc-4eed-944b-32dd70d9cc47", "event_type": "job_submitted", "customer": "Hina Qureshi"}
{"asctime": "2026-09-19 20:04:54,856", "levelname": "INFO", "name": "invoice_app", "message": "Job submitted", "job_id": "01227b3f-350f-4dda-81d4-451101c7b574", "event_type": "job_submitted", "customer": "Bilal Sarwar"}
{"asctime": "2026-09-19 20:04:55,941", "levelname": "INFO", "name": "invoice_app", "message": "Job completed successfully", "job_id": "ed17dc6e-dcde-4755-a77e-b46e7368f50f", "event_type": "job_completed", "invoice_file": "invoices/invoice_ed17dc6e-dcde-4755-a77e-b46e7368f50f.pdf", "duration_seconds": 8.003689765930176, "invoice_total": 28}
{"asctime": "2026-09-19 20:04:56,942", "levelname": "INFO", "name": "invoice_app", "message": "Job processing started", "job_id": "ced1d520-bccc-4eed-944b-32dd70d9cc47", "event_type": "job_started"}
{"asctime": "2026-09-19 20:05:02,568", "levelname": "INFO", "name": "invoice_app", "message": "Job submitted", "job_id": "25eb532a-32c7-47d5-bdc2-b2598994e3ac", "event_type": "job_submitted", "customer": "Sadaf Naeem"}
{"asctime": "2026-09-19 20:05:04,944", "levelname": "INFO", "name": "invoice_app", "message": "Job completed successfully", "job_id": "ced1d520-bccc-4eed-944b-32dd70d9cc47", "event_type": "job_completed", "invoice_file": "invoices/invoice_ced1d520-bccc-4eed-944b-32dd70d9cc47.pdf", "duration_seconds": 8.002243041992188, "invoice_total": 24}
{"asctime": "2026-09-19 20:05:04,944", "levelname": "INFO", "name": "invoice_app", "message": "Job processing started", "job_id": "01227b3f-350f-4dda-81d4-451101c7b574", "event_type": "job_started"}
{"asctime": "2026-09-19 20:05:12,951", "levelname": "INFO", "name": "invoice_app", "message": "Job completed successfully", "job_id": "01227b3f-350f-4dda-81d4-451101c7b574", "event_type": "job_completed", "invoice_file": "invoices/invoice_01227b3f-350f-4dda-81d4-451101c7b574.pdf", "duration_seconds": 8.006216764450073, "invoice_total": 24}
{"asctime": "2026-09-19 20:05:13,952", "levelname": "INFO", "name": "invoice_app", "message": "Job processing started", "job_id": "25eb532a-32c7-47d5-bdc2-b2598994e3ac", "event_type": "job_started"}
{"asctime": "2026-09-19 20:05:21,963", "levelname": "INFO", "name": "invoice_app", "message": "Job completed successfully", "job_id": "25eb532a-32c7-47d5-bdc2-b2598994e3ac", "event_type": "job_completed", "invoice_file": "invoices/invoice_25eb532a-32c7-47d5-bdc2-b2598994e3ac.pdf", "duration_seconds": 8.010585069656372, "invoice_total": 20}
{"asctime": "2026-09-19 20:05:37,924", "levelname": "INFO", "name": "invoice_app", "message": "Job submitted", "job_id": "293b0011-e7cd-49ed-a064-626f236cc07a", "event_type": "job_submitted", "customer": "Rabia Yousuf"}
{"asctime": "2026-09-19 20:05:37,970", "levelname": "INFO", "name": "invoice_app", "message": "Job processing started", "job_id": "293b0011-e7cd-49ed-a064-626f236cc07a", "event_type": "job_started"}
{"asctime": "2026-09-19 20:05:43,270", "levelname": "INFO", "name": "invoice_app", "message": "Job submitted", "job_id": "b4749821-fb41-406b-b485-660018a83c1a", "event_type": "job_submitted", "customer": "Adnan Habib"}
{"asctime": "2026-09-19 20:05:45,974", "levelname": "INFO", "name": "invoice_app", "message": "Job completed successfully", "job_id": "293b0011-e7cd-49ed-a064-626f236cc07a", "event_type": "job_completed", "invoice_file": "invoices/invoice_293b0011-e7cd-49ed-a064-626f236cc07a.pdf", "duration_seconds": 8.00403881072998, "invoice_total": 24}
{"asctime": "2026-09-19 20:05:46,975", "levelname": "INFO", "name": "invoice_app", "message": "Job processing started", "job_id": "b4749821-fb41-406b-b485-660018a83c1a", "event_type": "job_started"}
{"asctime": "2026-09-19 20:05:47,425", "levelname": "INFO", "name": "invoice_app", "message": "Job submitted", "job_id": "8d643f18-e716-48d6-8e47-e5fa6e6c55c9", "event_type": "job_submitted", "customer": "Nimra Shahid"}
{"asctime": "2026-09-19 20:05:51,929", "levelname": "INFO", "name": "invoice_app", "message": "Job submitted", "job_id": "a39bc222-23b2-482d-98b9-5d8b936cb2a1", "event_type": "job_submitted", "customer": "Faizan Tariq"}
{"asctime": "2026-09-19 20:05:54,977", "levelname": "INFO", "name": "invoice_app", "message": "Job completed successfully", "job_id": "b4749821-fb41-406b-b485-660018a83c1a", "event_type": "job_completed", "invoice_file": "invoices/invoice_b4749821-fb41-406b-b485-660018a83c1a.pdf", "duration_seconds": 8.002041101455688, "invoice_total": 36}
{"asctime": "2026-09-19 20:05:55,915", "levelname": "INFO", "name": "invoice_app", "message": "Job submitted", "job_id": "cbe652fe-77e6-44bd-bb67-2ffa40237da1", "event_type": "job_submitted", "customer": "Mahwish Iqbal"}
{"asctime": "2026-09-19 20:05:55,978", "levelname": "INFO", "name": "invoice_app", "message": "Job processing started", "job_id": "8d643f18-e716-48d6-8e47-e5fa6e6c55c9", "event_type": "job_started"}
{"asctime": "2026-09-19 20:06:03,982", "levelname": "INFO", "name": "invoice_app", "message": "Job completed successfully", "job_id": "8d643f18-e716-48d6-8e47-e5fa6e6c55c9", "event_type": "job_completed", "invoice_file": "invoices/invoice_8d643f18-e716-48d6-8e47-e5fa6e6c55c9.pdf", "duration_seconds": 8.00424838066101, "invoice_total": 35}
{"asctime": "2026-09-19 20:06:03,983", "levelname": "INFO", "name": "invoice_app", "message": "Job processing started", "job_id": "a39bc222-23b2-482d-98b9-5d8b936cb2a1", "event_type": "job_started"}
{"asctime": "2026-09-19 20:06:11,996", "levelname": "INFO", "name": "invoice_app", "message": "Job completed successfully", "job_id": "a39bc222-23b2-482d-98b9-5d8b936cb2a1", "event_type": "job_completed", "invoice_file": "invoices/invoice_a39bc222-23b2-482d-98b9-5d8b936cb2a1.pdf", "duration_seconds": 8.013241052627563, "invoice_total": 30}
{"asctime": "2026-09-19 20:06:11,997", "levelname": "INFO", "name": "invoice_app", "message": "Job processing started", "job_id": "cbe652fe-77e6-44bd-bb67-2ffa40237da1", "event_type": "job_started"}
{"asctime": "2026-09-19 20:06:19,999", "levelname": "INFO", "name": "invoice_app", "message": "Job completed successfully", "job_id": "cbe652fe-77e6-44bd-bb67-2ffa40237da1", "event_type": "job_completed", "invoice_file": "invoices/invoice_cbe652fe-77e6-44bd-bb67-2ffa40237da1.pdf", "duration_seconds": 8.00166130065918, "invoice_total": 27}
{"asctime": "2026-09-19 20:11:54,017", "levelname": "INFO", "name": "invoice_app", "message": "Job submitted", "job_id": "184d8384-3994-442d-b61a-43b66f225506", "event_type": "job_submitted", "customer": "Amina Fayyaz", "items": [{"name": "Chocolate Eclair", "qty": 4, "price": 6}]}
{"asctime": "2026-09-19 20:11:54,335", "levelname": "INFO", "name": "invoice_app", "message": "Job processing started", "job_id": "184d8384-3994-442d-b61a-43b66f225506", "event_type": "job_started"}
{"asctime": "2026-09-19 20:11:57,389", "levelname": "INFO", "name": "invoice_app", "message": "Job submitted", "job_id": "726b4762-0f8e-4c4c-83b6-4a2cd2346b3e", "event_type": "job_submitted", "customer": "Zeeshan Malik", "items": [{"name": "Red Velvet Cake", "qty": 1, "price": 28}]}
{"asctime": "2026-09-19 20:12:02,343", "levelname": "INFO", "name": "invoice_app", "message": "Job completed successfully", "job_id": "184d8384-3994-442d-b61a-43b66f225506", "event_type": "job_completed", "invoice_file": "invoices/invoice_184d8384-3994-442d-b61a-43b66f225506.pdf", "duration_seconds": 8.007066011428833, "invoice_total": 24}
{"asctime": "2026-09-19 20:12:03,344", "levelname": "INFO", "name": "invoice_app", "message": "Job processing started", "job_id": "726b4762-0f8e-4c4c-83b6-4a2cd2346b3e", "event_type": "job_started"}
{"asctime": "2026-09-19 20:12:11,351", "levelname": "INFO", "name": "invoice_app", "message": "Job completed successfully", "job_id": "726b4762-0f8e-4c4c-83b6-4a2cd2346b3e", "event_type": "job_completed", "invoice_file": "invoices/invoice_726b4762-0f8e-4c4c-83b6-4a2cd2346b3e.pdf", "duration_seconds": 8.006890296936035, "invoice_total": 28}
{"asctime": "2026-09-19 20:12:11,498", "levelname": "INFO", "name": "invoice_app", "message": "Job submitted", "job_id": "f8b61296-b62a-428a-a89f-157bc4cd106e", "event_type": "job_submitted", "customer": "Hina Qureshi", "items": [{"name": "Lemon Tart", "qty": 3, "price": 8}]}
{"asctime": "2026-09-19 20:12:12,352", "levelname": "INFO", "name": "invoice_app", "message": "Job processing started", "job_id": "f8b61296-b62a-428a-a89f-157bc4cd106e", "event_type": "job_started"}
{"asctime": "2026-09-19 20:12:16,972", "levelname": "INFO", "name": "invoice_app", "message": "Job submitted", "job_id": "10b09f93-6d94-468b-8c03-e52853b1743f", "event_type": "job_submitted", "customer": "Bilal Sarwar", "items": [{"name": "Profiteroles", "qty": 6, "price": 4}]}
{"asctime": "2026-09-19 20:12:20,360", "levelname": "INFO", "name": "invoice_app", "message": "Job completed successfully", "job_id": "f8b61296-b62a-428a-a89f-157bc4cd106e", "event_type": "job_completed", "invoice_file": "invoices/invoice_f8b61296-b62a-428a-a89f-157bc4cd106e.pdf", "duration_seconds": 8.007157564163208, "invoice_total": 24}
{"asctime": "2026-09-19 20:12:21,360", "levelname": "INFO", "name": "invoice_app", "message": "Job processing started", "job_id": "10b09f93-6d94-468b-8c03-e52853b1743f", "event_type": "job_started"}
{"asctime": "2026-09-19 20:12:23,913", "levelname": "INFO", "name": "invoice_app", "message": "Job submitted", "job_id": "7c1673aa-e92f-4749-88af-979703db2a31", "event_type": "job_submitted", "customer": "Sadaf Naeem", "items": [{"name": "Panna Cotta", "qty": 2, "price": 10}]}
{"asctime": "2026-09-19 20:12:29,364", "levelname": "INFO", "name": "invoice_app", "message": "Job completed successfully", "job_id": "10b09f93-6d94-468b-8c03-e52853b1743f", "event_type": "job_completed", "invoice_file": "invoices/invoice_10b09f93-6d94-468b-8c03-e52853b1743f.pdf", "duration_seconds": 8.003344535827637, "invoice_total": 24}
{"asctime": "2026-09-19 20:12:30,365", "levelname": "INFO", "name": "invoice_app", "message": "Job processing started", "job_id": "7c1673aa-e92f-4749-88af-979703db2a31", "event_type": "job_started"}
{"asctime": "2026-09-19 20:12:30,746", "levelname": "INFO", "name": "invoice_app", "message": "Job submitted", "job_id": "2a657a46-53dc-4c5f-aadb-a24b4960cbe2", "event_type": "job_submitted", "customer": "Sadaf Naeem", "items": [{"name": "Panna Cotta", "qty": 2, "price": 10}]}
{"asctime": "2026-09-19 20:12:38,371", "levelname": "INFO", "name": "invoice_app", "message": "Job completed successfully", "job_id": "7c1673aa-e92f-4749-88af-979703db2a31", "event_type": "job_completed", "invoice_file": "invoices/invoice_7c1673aa-e92f-4749-88af-979703db2a31.pdf", "duration_seconds": 8.005450963973999, "invoice_total": 20}
{"asctime": "2026-09-19 20:12:39,372", "levelname": "INFO", "name": "invoice_app", "message": "Job processing started", "job_id": "2a657a46-53dc-4c5f-aadb-a24b4960cbe2", "event_type": "job_started"}
{"asctime": "2026-09-19 20:12:47,377", "levelname": "INFO", "name": "invoice_app", "message": "Job completed successfully", "job_id": "2a657a46-53dc-4c5f-aadb-a24b4960cbe2", "event_type": "job_completed", "invoice_file": "invoices/invoice_2a657a46-53dc-4c5f-aadb-a24b4960cbe2.pdf", "duration_seconds": 8.004261493682861, "invoice_total": 20}
{"asctime": "2026-09-19 20:14:35,891", "levelname": "INFO", "name": "invoice_app", "message": "Job submitted", "job_id": "84a9a344-7ca9-4fea-b9f0-b3568e3a7c47", "event_type": "job_submitted", "customer": "Amina Fayyaz", "items": [{"name": "Chocolate Eclair", "qty": 4, "price": 6}]}
{"asctime": "2026-09-19 20:14:35,934", "levelname": "INFO", "name": "invoice_app", "message": "Job processing started", "job_id": "84a9a344-7ca9-4fea-b9f0-b3568e3a7c47", "event_type": "job_started"}
{"asctime": "2026-09-19 20:14:40,365", "levelname": "INFO", "name": "invoice_app", "message": "Job submitted", "job_id": "d4ddd3c6-3ef0-470a-afb9-99fb5007acb1", "event_type": "job_submitted", "customer": "Zeeshan Malik", "items": [{"name": "Red Velvet Cake", "qty": 1, "price": 28}]}
{"asctime": "2026-09-19 20:14:43,944", "levelname": "INFO", "name": "invoice_app", "message": "Job completed successfully", "job_id": "84a9a344-7ca9-4fea-b9f0-b3568e3a7c47", "event_type": "job_completed", "invoice_file": "invoices/invoice_84a9a344-7ca9-4fea-b9f0-b3568e3a7c47.pdf", "duration_seconds": 8.00873064994812, "invoice_total": 24}
{"asctime": "2026-09-19 20:14:44,527", "levelname": "INFO", "name": "invoice_app", "message": "Job submitted", "job_id": "27d448d0-6376-43de-8003-dac488512947", "event_type": "job_submitted", "customer": "Hina Qureshi", "items": [{"name": "Lemon Tart", "qty": 3, "price": 8}]}
{"asctime": "2026-09-19 20:14:44,945", "levelname": "INFO", "name": "invoice_app", "message": "Job processing started", "job_id": "d4ddd3c6-3ef0-470a-afb9-99fb5007acb1", "event_type": "job_started"}
{"asctime": "2026-09-19 20:14:48,513", "levelname": "INFO", "name": "invoice_app", "message": "Job submitted", "job_id": "fe5c9a1f-9e6e-4cac-a654-5f22a7a052c3", "event_type": "job_submitted", "customer": "Bilal Sarwar", "items": [{"name": "Profiteroles", "qty": 6, "price": 4}]}
{"asctime": "2026-09-19 20:14:52,655", "levelname": "INFO", "name": "invoice_app", "message": "Job submitted", "job_id": "6d89fade-ba43-4110-95a1-43789e57e83c", "event_type": "job_submitted", "customer": "Sadaf Naeem", "items": [{"name": "Panna Cotta", "qty": 2, "price": 10}]}
{"asctime": "2026-09-19 20:14:52,952", "levelname": "INFO", "name": "invoice_app", "message": "Job completed successfully", "job_id": "d4ddd3c6-3ef0-470a-afb9-99fb5007acb1", "event_type": "job_completed", "invoice_file": "invoices/invoice_d4ddd3c6-3ef0-470a-afb9-99fb5007acb1.pdf", "duration_seconds": 8.00576663017273, "invoice_total": 28}
{"asctime": "2026-09-19 20:14:52,953", "levelname": "INFO", "name": "invoice_app", "message": "Job processing started", "job_id": "27d448d0-6376-43de-8003-dac488512947", "event_type": "job_started"}
{"asctime": "2026-09-19 20:14:56,410", "levelname": "INFO", "name": "invoice_app", "message": "Job submitted", "job_id": "9ca1e7b0-eb54-49f8-9353-44510d714aa9", "event_type": "job_submitted", "customer": "Rabia Yousuf", "items": [{"name": "Tres Leches Cake", "qty": 1, "price": 24}]}
{"asctime": "2026-09-19 20:15:00,960", "levelname": "INFO", "name": "invoice_app", "message": "Job completed successfully", "job_id": "27d448d0-6376-43de-8003-dac488512947", "event_type": "job_completed", "invoice_file": "invoices/invoice_27d448d0-6376-43de-8003-dac488512947.pdf", "duration_seconds": 8.00660228729248, "invoice_total": 24}
{"asctime": "2026-09-19 20:15:01,747", "levelname": "INFO", "name": "invoice_app", "message": "Job submitted", "job_id": "38448598-d7c0-4882-a052-1a1b1e771f12", "event_type": "job_submitted", "customer": "Adnan Habib", "items": [{"name": "Macaron Box", "qty": 12, "price": 3}]}
{"asctime": "2026-09-19 20:15:01,960", "levelname": "INFO", "name": "invoice_app", "message": "Job processing started", "job_id": "fe5c9a1f-9e6e-4cac-a654-5f22a7a052c3", "event_type": "job_started"}
{"asctime": "2026-09-19 20:15:05,480", "levelname": "INFO", "name": "invoice_app", "message": "Job submitted", "job_id": "17f1de95-56fc-41e6-b628-74cd0dcb9130", "event_type": "job_submitted", "customer": "Nimra Shahid", "items": [{"name": "Baklava Tray", "qty": 1, "price": 35}]}
{"asctime": "2026-09-19 20:15:09,537", "levelname": "INFO", "name": "invoice_app", "message": "Job submitted", "job_id": "60db7a00-0a27-41b5-b5a7-ac9bfa3ed659", "event_type": "job_submitted", "customer": "Faizan Tariq", "items": [{"name": "Fruit Trifle", "qty": 2, "price": 15}]}
{"asctime": "2026-09-19 20:15:09,968", "levelname": "INFO", "name": "invoice_app", "message": "Job completed successfully", "job_id": "fe5c9a1f-9e6e-4cac-a654-5f22a7a052c3", "event_type": "job_completed", "invoice_file": "invoices/invoice_fe5c9a1f-9e6e-4cac-a654-5f22a7a052c3.pdf", "duration_seconds": 8.006874799728394, "invoice_total": 24}
{"asctime": "2026-09-19 20:15:09,968", "levelname": "INFO", "name": "invoice_app", "message": "Job processing started", "job_id": "6d89fade-ba43-4110-95a1-43789e57e83c", "event_type": "job_started"}
{"asctime": "2026-09-19 20:15:13,147", "levelname": "INFO", "name": "invoice_app", "message": "Job submitted", "job_id": "8d2fd5d4-cb3b-415b-8d64-8c959b1d050f", "event_type": "job_submitted", "customer": "Mahwish Iqbal", "items": [{"name": "Creme Brulee", "qty": 3, "price": 9}]}
{"asctime": "2026-09-19 20:15:17,973", "levelname": "INFO", "name": "invoice_app", "message": "Job completed successfully", "job_id": "6d89fade-ba43-4110-95a1-43789e57e83c", "event_type": "job_completed", "invoice_file": "invoices/invoice_6d89fade-ba43-4110-95a1-43789e57e83c.pdf", "duration_seconds": 8.00497031211853, "invoice_total": 20}
{"asctime": "2026-09-19 20:15:17,974", "levelname": "INFO", "name": "invoice_app", "message": "Job processing started", "job_id": "9ca1e7b0-eb54-49f8-9353-44510d714aa9", "event_type": "job_started"}
{"asctime": "2026-09-19 20:15:25,978", "levelname": "INFO", "name": "invoice_app", "message": "Job completed successfully", "job_id": "9ca1e7b0-eb54-49f8-9353-44510d714aa9", "event_type": "job_completed", "invoice_file": "invoices/invoice_9ca1e7b0-eb54-49f8-9353-44510d714aa9.pdf", "duration_seconds": 8.003477096557617, "invoice_total": 24}
{"asctime": "2026-09-19 20:15:25,978", "levelname": "INFO", "name": "invoice_app", "message": "Job processing started", "job_id": "38448598-d7c0-4882-a052-1a1b1e771f12", "event_type": "job_started"}
{"asctime": "2026-09-19 20:15:33,984", "levelname": "INFO", "name": "invoice_app", "message": "Job completed successfully", "job_id": "38448598-d7c0-4882-a052-1a1b1e771f12", "event_type": "job_completed", "invoice_file": "invoices/invoice_38448598-d7c0-4882-a052-1a1b1e771f12.pdf", "duration_seconds": 8.005460500717163, "invoice_total": 36}
{"asctime": "2026-09-19 20:15:34,984", "levelname": "INFO", "name": "invoice_app", "message": "Job processing started", "job_id": "17f1de95-56fc-41e6-b628-74cd0dcb9130", "event_type": "job_started"}
{"asctime": "2026-09-19 20:15:42,995", "levelname": "INFO", "name": "invoice_app", "message": "Job completed successfully", "job_id": "17f1de95-56fc-41e6-b628-74cd0dcb9130", "event_type": "job_completed", "invoice_file": "invoices/invoice_17f1de95-56fc-41e6-b628-74cd0dcb9130.pdf", "duration_seconds": 8.009567737579346, "invoice_total": 35}
{"asctime": "2026-09-19 20:15:42,995", "levelname": "INFO", "name": "invoice_app", "message": "Job processing started", "job_id": "60db7a00-0a27-41b5-b5a7-ac9bfa3ed659", "event_type": "job_started"}
{"asctime": "2026-09-19 20:15:51,000", "levelname": "INFO", "name": "invoice_app", "message": "Job completed successfully", "job_id": "60db7a00-0a27-41b5-b5a7-ac9bfa3ed659", "event_type": "job_completed", "invoice_file": "invoices/invoice_60db7a00-0a27-41b5-b5a7-ac9bfa3ed659.pdf", "duration_seconds": 8.004786491394043, "invoice_total": 30}
{"asctime": "2026-09-19 20:15:51,000", "levelname": "INFO", "name": "invoice_app", "message": "Job processing started", "job_id": "8d2fd5d4-cb3b-415b-8d64-8c959b1d050f", "event_type": "job_started"}
{"asctime": "2026-09-19 20:15:59,006", "levelname": "INFO", "name": "invoice_app", "message": "Job completed successfully", "job_id": "8d2fd5d4-cb3b-415b-8d64-8c959b1d050f", "event_type": "job_completed", "invoice_file": "invoices/invoice_8d2fd5d4-cb3b-415b-8d64-8c959b1d050f.pdf", "duration_seconds": 8.00482702255249, "invoice_total": 27}
{"asctime": "2026-09-19 20:23:57,845", "levelname": "INFO", "name": "invoice_app", "message": "Job submitted", "job_id": "0bc5b0a8-8355-4ce7-89dd-cc8e5033e60b", "event_type": "job_submitted", "customer": "Owais Farooq", "items": [{"name": "Tiramisu Cups", "qty": 3, "price": 11}]}
{"asctime": "2026-09-19 20:23:58,269", "levelname": "INFO", "name": "invoice_app", "message": "Job processing started", "job_id": "0bc5b0a8-8355-4ce7-89dd-cc8e5033e60b", "event_type": "job_started"}
{"asctime": "2026-09-19 20:24:06,274", "levelname": "INFO", "name": "invoice_app", "message": "Job completed successfully", "job_id": "0bc5b0a8-8355-4ce7-89dd-cc8e5033e60b", "event_type": "job_completed", "invoice_file": "invoices/invoice_0bc5b0a8-8355-4ce7-89dd-cc8e5033e60b.pdf", "duration_seconds": 8.00504183769226, "invoice_total": 33}
{"asctime": "2026-09-19 20:26:29,320", "levelname": "INFO", "name": "invoice_app", "message": "Job submitted", "service": "invoice_job_queue", "job_id": "beae9082-683f-4034-810e-33d5b48558a4", "event_type": "job_submitted", "customer": "Owais Farooq", "items": [{"name": "Tiramisu Cups", "qty": 3, "price": 11}]}
{"asctime": "2026-09-19 20:26:29,452", "levelname": "INFO", "name": "invoice_app", "message": "Job processing started", "service": "invoice_job_queue", "job_id": "beae9082-683f-4034-810e-33d5b48558a4", "event_type": "job_started"}
{"asctime": "2026-09-19 20:26:37,460", "levelname": "INFO", "name": "invoice_app", "message": "Job completed successfully", "service": "invoice_job_queue", "job_id": "beae9082-683f-4034-810e-33d5b48558a4", "event_type": "job_completed", "invoice_file": "invoices/invoice_beae9082-683f-4034-810e-33d5b48558a4.pdf", "duration_seconds": 8.007132053375244, "invoice_total": 33}
{"asctime": "2026-09-19 20:35:21,689", "levelname": "INFO", "name": "invoice_app", "message": "Job submitted", "service": "invoice_job_queue", "job_id": "9b0e51b1-770c-46af-9670-a0beb6244b49", "event_type": "job_submitted", "customer": "Owais Farooq", "items": [{"name": "Tiramisu Cups", "qty": 3, "price": 11}]}
{"asctime": "2026-09-19 20:35:21,822", "levelname": "INFO", "name": "invoice_app", "message": "Job processing started", "service": "invoice_job_queue", "job_id": "9b0e51b1-770c-46af-9670-a0beb6244b49", "event_type": "job_started"}
{"asctime": "2026-09-19 20:35:29,717", "levelname": "INFO", "name": "invoice_app", "message": "Job submitted", "service": "invoice_job_queue", "job_id": "e242badc-7367-4aff-b96a-055eeda356ac", "event_type": "job_submitted", "customer": "Owais Farooq", "items": [{"name": "Tiramisu Cups", "qty": 3, "price": 11}]}
{"asctime": "2026-09-19 20:35:29,837", "levelname": "INFO", "name": "invoice_app", "message": "Job completed successfully", "service": "invoice_job_queue", "job_id": "9b0e51b1-770c-46af-9670-a0beb6244b49", "event_type": "job_completed", "invoice_file": "invoices/invoice_9b0e51b1-770c-46af-9670-a0beb6244b49.pdf", "duration_seconds": 8.014609098434448, "invoice_total": 33}
{"asctime": "2026-09-19 20:35:30,838", "levelname": "INFO", "name": "invoice_app", "message": "Job processing started", "service": "invoice_job_queue", "job_id": "e242badc-7367-4aff-b96a-055eeda356ac", "event_type": "job_started"}
{"asctime": "2026-09-19 20:35:38,842", "levelname": "INFO", "name": "invoice_app", "message": "Job completed successfully", "service": "invoice_job_queue", "job_id": "e242badc-7367-4aff-b96a-055eeda356ac", "event_type": "job_completed", "invoice_file": "invoices/invoice_e242badc-7367-4aff-b96a-055eeda356ac.pdf", "duration_seconds": 8.003576040267944, "invoice_total": 33}
{"asctime": "2026-09-20 02:41:14,493", "levelname": "INFO", "name": "invoice_app", "message": "Job submitted", "service": "invoice_job_queue", "job_id": "451f6ec9-55ed-4688-91b3-0d74434cc8df", "event_type": "job_submitted", "customer": "Areeba Naveed", "items": [{"name": "Mango Mousse", "qty": 2, "price": 12}]}
{"asctime": "2026-09-20 02:41:14,580", "levelname": "INFO", "name": "invoice_app", "message": "Job processing started", "service": "invoice_job_queue", "job_id": "451f6ec9-55ed-4688-91b3-0d74434cc8df", "event_type": "job_started"}
{"asctime": "2026-09-20 02:41:22,590", "levelname": "INFO", "name": "invoice_app", "message": "Job completed successfully", "service": "invoice_job_queue", "job_id": "451f6ec9-55ed-4688-91b3-0d74434cc8df", "event_type": "job_completed", "invoice_file": "invoices/invoice_451f6ec9-55ed-4688-91b3-0d74434cc8df.pdf", "duration_seconds": 8.009497165679932, "invoice_total": 24}
{"asctime": "2026-09-20 02:46:24,844", "levelname": "INFO", "name": "invoice_app", "message": "Job submitted", "service": "invoice_job_queue", "job_id": "1868edb9-fadb-43f7-adf6-25b73ebbcacd", "event_type": "job_submitted", "customer": "Salman Iqbal", "items": [{"name": "Peach Cobbler", "qty": 1, "price": 18}]}
{"asctime": "2026-09-20 02:46:25,750", "levelname": "INFO", "name": "invoice_app", "message": "Job processing started", "service": "invoice_job_queue", "job_id": "1868edb9-fadb-43f7-adf6-25b73ebbcacd", "event_type": "job_started"}
{"asctime": "2026-09-20 02:46:33,757", "levelname": "INFO", "name": "invoice_app", "message": "Job completed successfully", "service": "invoice_job_queue", "job_id": "1868edb9-fadb-43f7-adf6-25b73ebbcacd", "event_type": "job_completed", "invoice_file": "invoices/invoice_1868edb9-fadb-43f7-adf6-25b73ebbcacd.pdf", "duration_seconds": 8.005057334899902, "invoice_total": 18}
{"asctime": "2026-09-20 02:46:59,180", "levelname": "INFO", "name": "invoice_app", "message": "Job submitted", "service": "invoice_job_queue", "job_id": "812286ae-0194-41e8-b5e8-15ef675eb741", "event_type": "job_submitted", "customer": "Iqra Latif", "items": [{"name": "Pistachio Kulfi", "qty": 4, "price": 5}]}
{"asctime": "2026-09-20 02:46:59,769", "levelname": "INFO", "name": "invoice_app", "message": "Job processing started", "service": "invoice_job_queue", "job_id": "812286ae-0194-41e8-b5e8-15ef675eb741", "event_type": "job_started"}
{"asctime": "2026-09-20 02:47:07,782", "levelname": "INFO", "name": "invoice_app", "message": "Job completed successfully", "service": "invoice_job_queue", "job_id": "812286ae-0194-41e8-b5e8-15ef675eb741", "event_type": "job_completed", "invoice_file": "invoices/invoice_812286ae-0194-41e8-b5e8-15ef675eb741.pdf", "duration_seconds": 8.013180255889893, "invoice_total": 20}
{"asctime": "2026-09-20 02:48:58,177", "levelname": "INFO", "name": "invoice_app", "message": "Job submitted", "service": "invoice_job_queue", "job_id": "3ab3b748-a209-4f7e-9f6d-b6fc8279a136", "event_type": "job_submitted", "customer": "Omer Sheikh", "items": [{"name": "Banana Split", "qty": 2, "price": 9}]}
{"asctime": "2026-09-20 02:48:58,838", "levelname": "INFO", "name": "invoice_app", "message": "Job processing started", "service": "invoice_job_queue", "job_id": "3ab3b748-a209-4f7e-9f6d-b6fc8279a136", "event_type": "job_started"}
{"asctime": "2026-09-20 02:49:06,844", "levelname": "INFO", "name": "invoice_app", "message": "Job completed successfully", "service": "invoice_job_queue", "job_id": "3ab3b748-a209-4f7e-9f6d-b6fc8279a136", "event_type": "job_completed", "invoice_file": "invoices/invoice_3ab3b748-a209-4f7e-9f6d-b6fc8279a136.pdf", "duration_seconds": 8.00576639175415, "invoice_total": 18}
{"asctime": "2026-09-20 02:50:50,692", "levelname": "INFO", "name": "invoice_app", "message": "Job submitted", "service": "invoice_job_queue", "job_id": "b13c769d-2aa0-4710-9abe-d76eaa6bde04", "event_type": "job_submitted", "customer": "Farah Ahmed", "items": [{"name": "Coconut Barfi", "qty": 6, "price": 3}]}
{"asctime": "2026-09-20 02:50:50,903", "levelname": "INFO", "name": "invoice_app", "message": "Job processing started", "service": "invoice_job_queue", "job_id": "b13c769d-2aa0-4710-9abe-d76eaa6bde04", "event_type": "job_started"}
{"asctime": "2026-09-20 02:50:58,910", "levelname": "INFO", "name": "invoice_app", "message": "Job completed successfully", "service": "invoice_job_queue", "job_id": "b13c769d-2aa0-4710-9abe-d76eaa6bde04", "event_type": "job_completed", "invoice_file": "invoices/invoice_b13c769d-2aa0-4710-9abe-d76eaa6bde04.pdf", "duration_seconds": 8.006091833114624, "invoice_total": 18}
{"asctime": "2026-09-20 02:50:59,431", "levelname": "INFO", "name": "invoice_app", "message": "Job submitted", "service": "invoice_job_queue", "job_id": "0fdb2298-ac3d-428c-bd44-3f356268f135", "event_type": "job_submitted", "customer": "Danyal Waqas", "items": [{"name": "Gajar Halwa", "qty": 3, "price": 8}]}
{"asctime": "2026-09-20 02:50:59,910", "levelname": "INFO", "name": "invoice_app", "message": "Job processing started", "service": "invoice_job_queue", "job_id": "0fdb2298-ac3d-428c-bd44-3f356268f135", "event_type": "job_started"}
{"asctime": "2026-09-20 02:51:07,917", "levelname": "INFO", "name": "invoice_app", "message": "Job completed successfully", "service": "invoice_job_queue", "job_id": "0fdb2298-ac3d-428c-bd44-3f356268f135", "event_type": "job_completed", "invoice_file": "invoices/invoice_0fdb2298-ac3d-428c-bd44-3f356268f135.pdf", "duration_seconds": 8.006242036819458, "invoice_total": 24}
{"asctime": "2026-09-20 02:54:19,606", "levelname": "INFO", "name": "invoice_app", "message": "Job submitted", "service": "invoice_job_queue", "job_id": "a4054af3-e312-4c71-bc57-fce3c269dd27", "event_type": "job_submitted", "customer": "Mishal Rauf", "items": [{"name": "Sticky Toffee Pudding", "qty": 1, "price": 16}]}
{"asctime": "2026-09-20 02:54:20,028", "levelname": "INFO", "name": "invoice_app", "message": "Job processing started", "service": "invoice_job_queue", "job_id": "a4054af3-e312-4c71-bc57-fce3c269dd27", "event_type": "job_started"}
{"asctime": "2026-09-20 02:54:28,034", "levelname": "INFO", "name": "invoice_app", "message": "Job completed successfully", "service": "invoice_job_queue", "job_id": "a4054af3-e312-4c71-bc57-fce3c269dd27", "event_type": "job_completed", "invoice_file": "invoices/invoice_a4054af3-e312-4c71-bc57-fce3c269dd27.pdf", "duration_seconds": 8.005012035369873, "invoice_total": 16}
{"asctime": "2026-09-20 02:58:10,769", "levelname": "INFO", "name": "invoice_app", "message": "Job submitted", "service": "invoice_job_queue", "job_id": "aa0c97ea-59f4-4afa-8a38-7d7d1c2f0ce5", "event_type": "job_submitted", "customer": "Alishba Zafar", "items": [{"name": "Chocolate Fondue", "qty": 1, "price": 22}]}
{"asctime": "2026-09-20 02:58:11,150", "levelname": "INFO", "name": "invoice_app", "message": "Job processing started", "service": "invoice_job_queue", "job_id": "aa0c97ea-59f4-4afa-8a38-7d7d1c2f0ce5", "event_type": "job_started"}
{"asctime": "2026-09-20 02:58:19,164", "levelname": "INFO", "name": "invoice_app", "message": "Job completed successfully", "service": "invoice_job_queue", "job_id": "aa0c97ea-59f4-4afa-8a38-7d7d1c2f0ce5", "event_type": "job_completed", "invoice_file": "invoices/invoice_aa0c97ea-59f4-4afa-8a38-7d7d1c2f0ce5.pdf", "duration_seconds": 8.013665437698364, "invoice_total": 22}
{"asctime": "2026-09-20 02:58:25,291", "levelname": "INFO", "name": "invoice_app", "message": "Job submitted", "service": "invoice_job_queue", "job_id": "fc9a5acd-c499-465d-abbe-bb3bb4fe6a1c", "event_type": "job_submitted", "customer": "Alishba Zafar", "items": [{"name": "Chocolate Fondue", "qty": 1, "price": 22}]}
{"asctime": "2026-09-20 02:58:26,167", "levelname": "INFO", "name": "invoice_app", "message": "Job processing started", "service": "invoice_job_queue", "job_id": "fc9a5acd-c499-465d-abbe-bb3bb4fe6a1c", "event_type": "job_started"}
{"asctime": "2026-09-20 02:58:34,174", "levelname": "INFO", "name": "invoice_app", "message": "Job completed successfully", "service": "invoice_job_queue", "job_id": "fc9a5acd-c499-465d-abbe-bb3bb4fe6a1c", "event_type": "job_completed", "invoice_file": "invoices/invoice_fc9a5acd-c499-465d-abbe-bb3bb4fe6a1c.pdf", "duration_seconds": 8.006478786468506, "invoice_total": 22}
{"asctime": "2026-09-20 02:58:45,867", "levelname": "INFO", "name": "invoice_app", "message": "Job submitted", "service": "invoice_job_queue", "job_id": "5242202c-980e-47e3-9243-cd4a9e68095b", "event_type": "job_submitted", "customer": "Kashif Rehman", "items": [{"name": "Rice Pudding", "qty": 3, "price": 6}]}
{"asctime": "2026-09-20 02:58:46,180", "levelname": "INFO", "name": "invoice_app", "message": "Job processing started", "service": "invoice_job_queue", "job_id": "5242202c-980e-47e3-9243-cd4a9e68095b", "event_type": "job_started"}
{"asctime": "2026-09-20 02:58:54,186", "levelname": "INFO", "name": "invoice_app", "message": "Job completed successfully", "service": "invoice_job_queue", "job_id": "5242202c-980e-47e3-9243-cd4a9e68095b", "event_type": "job_completed", "invoice_file": "invoices/invoice_5242202c-980e-47e3-9243-cd4a9e68095b.pdf", "duration_seconds": 8.005218744277954, "invoice_total": 18}
{"asctime": "2026-09-20 03:06:55,250", "levelname": "INFO", "name": "invoice_app", "message": "Job submitted", "service": "invoice_job_queue", "job_id": "904c7dfd-eb2e-488f-a223-0b5cb539f490", "event_type": "job_submitted", "customer": "Rimsha Aslam", "items": [{"name": "Semolina Halwa", "qty": 2, "price": 7}]}
{"asctime": "2026-09-20 03:06:55,489", "levelname": "INFO", "name": "invoice_app", "message": "Job processing started", "service": "invoice_job_queue", "job_id": "904c7dfd-eb2e-488f-a223-0b5cb539f490", "event_type": "job_started"}
{"asctime": "2026-09-20 03:07:03,496", "levelname": "INFO", "name": "invoice_app", "message": "Job completed successfully", "service": "invoice_job_queue", "job_id": "904c7dfd-eb2e-488f-a223-0b5cb539f490", "event_type": "job_completed", "invoice_file": "invoices/invoice_904c7dfd-eb2e-488f-a223-0b5cb539f490.pdf", "duration_seconds": 8.00653862953186, "invoice_total": 14}
{"asctime": "2026-09-20 03:07:46,371", "levelname": "INFO", "name": "invoice_app", "message": "Job submitted", "service": "invoice_job_queue", "job_id": "0e3444b7-6ea4-4354-b5ba-5d801b3b9f81", "event_type": "job_submitted", "customer": "Fahad Zubair", "items": [{"name": "Kheer Cup", "qty": 3, "price": 5}]}
{"asctime": "2026-09-20 03:07:46,521", "levelname": "INFO", "name": "invoice_app", "message": "Job processing started", "service": "invoice_job_queue", "job_id": "0e3444b7-6ea4-4354-b5ba-5d801b3b9f81", "event_type": "job_started"}
{"asctime": "2026-09-20 03:08:16,528", "levelname": "INFO", "name": "invoice_app", "message": "Job completed successfully", "service": "invoice_job_queue", "job_id": "0e3444b7-6ea4-4354-b5ba-5d801b3b9f81", "event_type": "job_completed", "invoice_file": "invoices/invoice_0e3444b7-6ea4-4354-b5ba-5d801b3b9f81.pdf", "duration_seconds": 30.006298542022705, "invoice_total": 15}
{"asctime": "2026-09-20 03:09:40,370", "levelname": "INFO", "name": "invoice_app", "message": "Job submitted", "service": "invoice_job_queue", "job_id": "68d1fe1d-b8d0-42b8-981f-75dc52e6548b", "event_type": "job_submitted", "customer": "Noreen Khalid", "items": [{"name": "Shahi Tukda", "qty": 1, "price": 14}]}
{"asctime": "2026-09-20 03:09:40,645", "levelname": "INFO", "name": "invoice_app", "message": "Job processing started", "service": "invoice_job_queue", "job_id": "68d1fe1d-b8d0-42b8-981f-75dc52e6548b", "event_type": "job_started"}
{"asctime": "2026-09-20 03:09:48,649", "levelname": "INFO", "name": "invoice_app", "message": "Job completed successfully", "service": "invoice_job_queue", "job_id": "68d1fe1d-b8d0-42b8-981f-75dc52e6548b", "event_type": "job_completed", "invoice_file": "invoices/invoice_68d1fe1d-b8d0-42b8-981f-75dc52e6548b.pdf", "duration_seconds": 8.004240036010742, "invoice_total": 14}
{"asctime": "2026-09-20 03:12:26,183", "levelname": "INFO", "name": "invoice_app", "message": "Job submitted", "service": "invoice_job_queue", "job_id": "4176fb09-3c41-45fc-a2fd-48386056ebff", "event_type": "job_submitted", "customer": "Ali Raza Butt", "items": [{"name": "Falooda", "qty": 2, "price": 9}]}
{"asctime": "2026-09-20 03:12:26,756", "levelname": "INFO", "name": "invoice_app", "message": "Job processing started", "service": "invoice_job_queue", "job_id": "4176fb09-3c41-45fc-a2fd-48386056ebff", "event_type": "job_started"}
{"asctime": "2026-09-20 03:12:34,763", "levelname": "INFO", "name": "invoice_app", "message": "Job completed successfully", "service": "invoice_job_queue", "job_id": "4176fb09-3c41-45fc-a2fd-48386056ebff", "event_type": "job_completed", "invoice_file": "invoices/invoice_4176fb09-3c41-45fc-a2fd-48386056ebff.pdf", "duration_seconds": 8.006385326385498, "invoice_total": 18}
{"asctime": "2026-09-20 03:13:25,882", "levelname": "INFO", "name": "invoice_app", "message": "Job submitted", "service": "invoice_job_queue", "job_id": "f35507cd-5ef9-476b-a158-689bc84e1a3c", "event_type": "job_submitted", "customer": "Sidra Yaqoob", "items": [{"name": "Malai Sandwich", "qty": 4, "price": 4}]}
{"asctime": "2026-09-20 03:13:26,791", "levelname": "INFO", "name": "invoice_app", "message": "Job processing started", "service": "invoice_job_queue", "job_id": "f35507cd-5ef9-476b-a158-689bc84e1a3c", "event_type": "job_started"}
{"asctime": "2026-09-20 03:13:56,798", "levelname": "INFO", "name": "invoice_app", "message": "Job completed successfully", "service": "invoice_job_queue", "job_id": "f35507cd-5ef9-476b-a158-689bc84e1a3c", "event_type": "job_completed", "invoice_file": "invoices/invoice_f35507cd-5ef9-476b-a158-689bc84e1a3c.pdf", "duration_seconds": 30.006103515625, "invoice_total": 16}
{"asctime": "2026-09-20 03:14:14,500", "levelname": "INFO", "name": "invoice_app", "message": "Job submitted", "service": "invoice_job_queue", "job_id": "452ece4a-1a07-4680-ae5a-018c72fead7c", "event_type": "job_submitted", "customer": "Hammad Siddiqui", "items": [{"name": "Zarda", "qty": 2, "price": 6}]}
{"asctime": "2026-09-20 03:14:14,812", "levelname": "INFO", "name": "invoice_app", "message": "Job processing started", "service": "invoice_job_queue", "job_id": "452ece4a-1a07-4680-ae5a-018c72fead7c", "event_type": "job_started"}
{"asctime": "2026-09-20 03:14:22,818", "levelname": "INFO", "name": "invoice_app", "message": "Job completed successfully", "service": "invoice_job_queue", "job_id": "452ece4a-1a07-4680-ae5a-018c72fead7c", "event_type": "job_completed", "invoice_file": "invoices/invoice_452ece4a-1a07-4680-ae5a-018c72fead7c.pdf", "duration_seconds": 8.005167484283447, "invoice_total": 12}
{"asctime": "2026-09-20 03:20:52,765", "levelname": "INFO", "name": "invoice_app", "message": "Job submitted", "service": "invoice_job_queue", "job_id": "c98d4f86-a990-4ca2-831e-5e43907b54f8", "event_type": "job_submitted", "customer": "Wajiha Anwar", "items": [{"name": "Custard Cup", "qty": 2, "price": 6}]}
{"asctime": "2026-09-20 03:20:53,062", "levelname": "INFO", "name": "invoice_app", "message": "Job processing started", "service": "invoice_job_queue", "job_id": "c98d4f86-a990-4ca2-831e-5e43907b54f8", "event_type": "job_started"}
{"asctime": "2026-09-20 03:21:01,067", "levelname": "INFO", "name": "invoice_app", "message": "Job completed successfully", "service": "invoice_job_queue", "job_id": "c98d4f86-a990-4ca2-831e-5e43907b54f8", "event_type": "job_completed", "invoice_file": "invoices/invoice_c98d4f86-a990-4ca2-831e-5e43907b54f8.pdf", "duration_seconds": 8.005276918411255, "invoice_total": 12}
{"asctime": "2026-09-20 03:21:43,334", "levelname": "INFO", "name": "invoice_app", "message": "Job submitted", "service": "invoice_job_queue", "job_id": "a19d8166-672f-4743-9b9d-e9d9ea6b331f", "event_type": "job_submitted", "customer": "Shaharyar Khan", "items": [{"name": "Jalebi Plate", "qty": 3, "price": 5}]}
{"asctime": "2026-09-20 03:21:44,088", "levelname": "INFO", "name": "invoice_app", "message": "Job processing started", "service": "invoice_job_queue", "job_id": "a19d8166-672f-4743-9b9d-e9d9ea6b331f", "event_type": "job_started"}
{"asctime": "2026-09-20 03:21:52,093", "levelname": "INFO", "name": "invoice_app", "message": "Job completed successfully", "service": "invoice_job_queue", "job_id": "a19d8166-672f-4743-9b9d-e9d9ea6b331f", "event_type": "job_completed", "invoice_file": "invoices/invoice_a19d8166-672f-4743-9b9d-e9d9ea6b331f.pdf", "duration_seconds": 8.004758834838867, "invoice_total": 15}
{"asctime": "2026-09-20 03:22:35,891", "levelname": "INFO", "name": "invoice_app", "message": "Job submitted", "service": "invoice_job_queue", "job_id": "a264436c-cd62-4de0-9b53-6a6f5d4e462f", "event_type": "job_submitted", "customer": "Rida Kamran", "items": [{"name": "Sooji Cake", "qty": 1, "price": 12}]}
{"asctime": "2026-09-20 03:22:36,117", "levelname": "INFO", "name": "invoice_app", "message": "Job processing started", "service": "invoice_job_queue", "job_id": "a264436c-cd62-4de0-9b53-6a6f5d4e462f", "event_type": "job_started"}
{"asctime": "2026-09-20 03:22:44,124", "levelname": "INFO", "name": "invoice_app", "message": "Job completed successfully", "service": "invoice_job_queue", "job_id": "a264436c-cd62-4de0-9b53-6a6f5d4e462f", "event_type": "job_completed", "invoice_file": "invoices/invoice_a264436c-cd62-4de0-9b53-6a6f5d4e462f.pdf", "duration_seconds": 8.006117343902588, "invoice_total": 12}
{"asctime": "2026-09-20 03:22:50,879", "levelname": "INFO", "name": "invoice_app", "message": "Job submitted", "service": "invoice_job_queue", "job_id": "177a919f-5d20-4736-8921-096ed00cb0fb", "event_type": "job_submitted", "customer": "Yasir Mehmood", "items": [{"name": "Barfi Box", "qty": 4, "price": 4}]}
{"asctime": "2026-09-20 03:22:51,127", "levelname": "INFO", "name": "invoice_app", "message": "Job processing started", "service": "invoice_job_queue", "job_id": "177a919f-5d20-4736-8921-096ed00cb0fb", "event_type": "job_started"}
{"asctime": "2026-09-20 03:22:59,130", "levelname": "INFO", "name": "invoice_app", "message": "Job completed successfully", "service": "invoice_job_queue", "job_id": "177a919f-5d20-4736-8921-096ed00cb0fb", "event_type": "job_completed", "invoice_file": "invoices/invoice_177a919f-5d20-4736-8921-096ed00cb0fb.pdf", "duration_seconds": 8.003340244293213, "invoice_total": 16}
{"asctime": "2026-09-20 03:35:12,066", "levelname": "INFO", "name": "invoice_app", "message": "Job submitted", "service": "invoice_job_queue", "job_id": "451a209c-6c2a-4125-be1d-7ff63b0ac25f", "event_type": "job_submitted", "customer": "Anum Sultana", "items": [{"name": "Vanilla Slice", "qty": 2, "price": 8}]}
{"asctime": "2026-09-20 03:35:12,554", "levelname": "INFO", "name": "invoice_app", "message": "Job processing started", "service": "invoice_job_queue", "job_id": "451a209c-6c2a-4125-be1d-7ff63b0ac25f", "event_type": "job_started"}
{"asctime": "2026-09-20 03:35:20,569", "levelname": "INFO", "name": "invoice_app", "message": "Job completed successfully", "service": "invoice_job_queue", "job_id": "451a209c-6c2a-4125-be1d-7ff63b0ac25f", "event_type": "job_completed", "invoice_file": "invoices/invoice_451a209c-6c2a-4125-be1d-7ff63b0ac25f.pdf", "duration_seconds": 8.014265537261963, "invoice_total": 16}
{"asctime": "2026-09-20 03:35:36,727", "levelname": "INFO", "name": "invoice_app", "message": "Job submitted", "service": "invoice_job_queue", "job_id": "457997e0-0eb8-45e3-ba07-85f59b43152d", "event_type": "job_submitted", "customer": "Haroon Aziz", "items": [{"name": "Cheese Danish", "qty": 3, "price": 6}]}
{"asctime": "2026-09-20 03:35:37,578", "levelname": "INFO", "name": "invoice_app", "message": "Job processing started", "service": "invoice_job_queue", "job_id": "457997e0-0eb8-45e3-ba07-85f59b43152d", "event_type": "job_started"}
{"asctime": "2026-09-20 03:35:45,583", "levelname": "INFO", "name": "invoice_app", "message": "Job completed successfully", "service": "invoice_job_queue", "job_id": "457997e0-0eb8-45e3-ba07-85f59b43152d", "event_type": "job_completed", "invoice_file": "invoices/invoice_457997e0-0eb8-45e3-ba07-85f59b43152d.pdf", "duration_seconds": 8.004326581954956, "invoice_total": 18}
{"asctime": "2026-09-20 03:35:50,657", "levelname": "INFO", "name": "invoice_app", "message": "Job submitted", "service": "invoice_job_queue", "job_id": "e24989c4-fff3-4490-a499-c526af0a5c83", "event_type": "job_submitted", "customer": "Sobia Perveen", "items": [{"name": "Almond Cookies", "qty": 5, "price": 3}]}
{"asctime": "2026-09-20 03:35:51,586", "levelname": "INFO", "name": "invoice_app", "message": "Job processing started", "service": "invoice_job_queue", "job_id": "e24989c4-fff3-4490-a499-c526af0a5c83", "event_type": "job_started"}
{"asctime": "2026-09-20 03:35:59,589", "levelname": "INFO", "name": "invoice_app", "message": "Job completed successfully", "service": "invoice_job_queue", "job_id": "e24989c4-fff3-4490-a499-c526af0a5c83", "event_type": "job_completed", "invoice_file": "invoices/invoice_e24989c4-fff3-4490-a499-c526af0a5c83.pdf", "duration_seconds": 8.001961946487427, "invoice_total": 15}
{"asctime": "2026-09-20 03:36:33,056", "levelname": "INFO", "name": "invoice_app", "message": "Job submitted", "service": "invoice_job_queue", "job_id": "2b30e378-8374-49b6-9613-d9aae70a23b8", "event_type": "job_submitted", "customer": "Imran Dawood", "items": [{"name": "Carrot Cake Slice", "qty": 1, "price": 10}]}
{"asctime": "2026-09-20 03:36:33,608", "levelname": "INFO", "name": "invoice_app", "message": "Job processing started", "service": "invoice_job_queue", "job_id": "2b30e378-8374-49b6-9613-d9aae70a23b8", "event_type": "job_started"}
{"asctime": "2026-09-20 03:36:41,614", "levelname": "INFO", "name": "invoice_app", "message": "Job completed successfully", "service": "invoice_job_queue", "job_id": "2b30e378-8374-49b6-9613-d9aae70a23b8", "event_type": "job_completed", "invoice_file": "invoices/invoice_2b30e378-8374-49b6-9613-d9aae70a23b8.pdf", "duration_seconds": 8.005419492721558, "invoice_total": 10}
{"asctime": "2026-09-20 03:36:58,337", "levelname": "INFO", "name": "invoice_app", "message": "Job submitted", "service": "invoice_job_queue", "job_id": "c4ad897d-7d8f-4402-b3f2-a72f23b2b3db", "event_type": "job_submitted", "customer": "Laiba Fareed", "items": [{"name": "Fig Tart", "qty": 2, "price": 11}]}
{"asctime": "2026-09-20 03:36:58,623", "levelname": "INFO", "name": "invoice_app", "message": "Job processing started", "service": "invoice_job_queue", "job_id": "c4ad897d-7d8f-4402-b3f2-a72f23b2b3db", "event_type": "job_started"}
{"asctime": "2026-09-20 03:36:59,625", "levelname": "ERROR", "name": "invoice_app", "message": "Job failed during processing", "service": "invoice_job_queue", "job_id": "c4ad897d-7d8f-4402-b3f2-a72f23b2b3db", "event_type": "job_failed", "reason": "simulated_failure"}
{"asctime": "2026-09-20 03:37:39,294", "levelname": "INFO", "name": "invoice_app", "message": "Job submitted", "service": "invoice_job_queue", "job_id": "4c84654c-e09e-46e5-aa84-cca10d871d8a", "event_type": "job_submitted", "customer": "Zohaib Anjum", "items": [{"name": "Honey Cake", "qty": 1, "price": 15}]}
{"asctime": "2026-09-20 03:37:39,646", "levelname": "INFO", "name": "invoice_app", "message": "Job processing started", "service": "invoice_job_queue", "job_id": "4c84654c-e09e-46e5-aa84-cca10d871d8a", "event_type": "job_started"}
{"asctime": "2026-09-20 03:37:47,651", "levelname": "INFO", "name": "invoice_app", "message": "Job completed successfully", "service": "invoice_job_queue", "job_id": "4c84654c-e09e-46e5-aa84-cca10d871d8a", "event_type": "job_completed", "invoice_file": "invoices/invoice_4c84654c-e09e-46e5-aa84-cca10d871d8a.pdf", "duration_seconds": 8.004685163497925, "invoice_total": 15}
{"asctime": "2026-09-20 03:38:07,354", "levelname": "INFO", "name": "invoice_app", "message": "Job submitted", "service": "invoice_job_queue", "job_id": "7f31d39a-60d5-41bf-8b59-f6f078b59f7d", "event_type": "job_submitted", "customer": "Danish Iqbal", "items": [{"name": "Walnut Brownie", "qty": 3, "price": 7}]}
{"asctime": "2026-09-20 03:38:07,660", "levelname": "INFO", "name": "invoice_app", "message": "Job processing started", "service": "invoice_job_queue", "job_id": "7f31d39a-60d5-41bf-8b59-f6f078b59f7d", "event_type": "job_started"}
{"asctime": "2026-09-20 03:38:15,664", "levelname": "INFO", "name": "invoice_app", "message": "Job completed successfully", "service": "invoice_job_queue", "job_id": "7f31d39a-60d5-41bf-8b59-f6f078b59f7d", "event_type": "job_completed", "invoice_file": "invoices/invoice_7f31d39a-60d5-41bf-8b59-f6f078b59f7d.pdf", "duration_seconds": 8.003427267074585, "invoice_total": 21}
{"asctime": "2026-09-20 03:39:44,349", "levelname": "INFO", "name": "invoice_app", "message": "Job submitted", "service": "invoice_job_queue", "job_id": "5b1e2da3-e2fc-4397-ac99-ae0a33e42969", "event_type": "job_submitted", "customer": "Kiran Yousaf", "items": [{"name": "Lava Cake", "qty": 1, "price": 13}]}
{"asctime": "2026-09-20 03:39:44,709", "levelname": "INFO", "name": "invoice_app", "message": "Job processing started", "service": "invoice_job_queue", "job_id": "5b1e2da3-e2fc-4397-ac99-ae0a33e42969", "event_type": "job_started"}
{"asctime": "2026-09-20 03:39:52,712", "levelname": "INFO", "name": "invoice_app", "message": "Job completed successfully", "service": "invoice_job_queue", "job_id": "5b1e2da3-e2fc-4397-ac99-ae0a33e42969", "event_type": "job_completed", "invoice_file": "invoices/invoice_5b1e2da3-e2fc-4397-ac99-ae0a33e42969.pdf", "duration_seconds": 8.00302243232727, "invoice_total": 13}
{"asctime": "2026-09-20 03:40:07,075", "levelname": "INFO", "name": "invoice_app", "message": "Job submitted", "service": "invoice_job_queue", "job_id": "751c876b-fb0f-4619-be5e-35829dd6028c", "event_type": "job_submitted", "customer": "Owais Bhatti", "items": [{"name": "Cream Roll", "qty": 4, "price": 4}]}
{"asctime": "2026-09-20 03:40:07,720", "levelname": "INFO", "name": "invoice_app", "message": "Job processing started", "service": "invoice_job_queue", "job_id": "751c876b-fb0f-4619-be5e-35829dd6028c", "event_type": "job_started"}
{"asctime": "2026-09-20 03:40:08,721", "levelname": "ERROR", "name": "invoice_app", "message": "Job failed during processing", "service": "invoice_job_queue", "job_id": "751c876b-fb0f-4619-be5e-35829dd6028c", "event_type": "job_failed", "reason": "simulated_failure"}
{"asctime": "2026-09-20 03:40:14,156", "levelname": "INFO", "name": "invoice_app", "message": "Job submitted", "service": "invoice_job_queue", "job_id": "98bf8a61-14e0-4816-8ba6-25ae03e7119a", "event_type": "job_submitted", "customer": "Sundas Naz", "items": [{"name": "Sesame Brittle", "qty": 6, "price": 2}]}
{"asctime": "2026-09-20 03:40:14,724", "levelname": "INFO", "name": "invoice_app", "message": "Job processing started", "service": "invoice_job_queue", "job_id": "98bf8a61-14e0-4816-8ba6-25ae03e7119a", "event_type": "job_started"}
{"asctime": "2026-09-20 03:40:18,963", "levelname": "INFO", "name": "invoice_app", "message": "Job submitted", "service": "invoice_job_queue", "job_id": "abaa6470-7ca1-4119-b800-8cb2a326188a", "event_type": "job_submitted", "customer": "Rehan Qadir", "items": [{"name": "Choco Lava Muffin", "qty": 2, "price": 7}]}
{"asctime": "2026-09-20 03:40:22,727", "levelname": "INFO", "name": "invoice_app", "message": "Job completed successfully", "service": "invoice_job_queue", "job_id": "98bf8a61-14e0-4816-8ba6-25ae03e7119a", "event_type": "job_completed", "invoice_file": "invoices/invoice_98bf8a61-14e0-4816-8ba6-25ae03e7119a.pdf", "duration_seconds": 8.002674341201782, "invoice_total": 12}
{"asctime": "2026-09-20 03:40:23,728", "levelname": "INFO", "name": "invoice_app", "message": "Job processing started", "service": "invoice_job_queue", "job_id": "abaa6470-7ca1-4119-b800-8cb2a326188a", "event_type": "job_started"}
{"asctime": "2026-09-20 03:40:24,717", "levelname": "INFO", "name": "invoice_app", "message": "Job submitted", "service": "invoice_job_queue", "job_id": "6d56d64b-45b3-4bff-9bf8-e530235a938e", "event_type": "job_submitted", "customer": "Tehmina Aslam", "items": [{"name": "Mixed Berry Tart", "qty": 1, "price": 17}]}
{"asctime": "2026-09-20 03:40:24,729", "levelname": "ERROR", "name": "invoice_app", "message": "Job failed during processing", "service": "invoice_job_queue", "job_id": "abaa6470-7ca1-4119-b800-8cb2a326188a", "event_type": "job_failed", "reason": "simulated_failure"}
{"asctime": "2026-09-20 03:40:25,729", "levelname": "INFO", "name": "invoice_app", "message": "Job processing started", "service": "invoice_job_queue", "job_id": "6d56d64b-45b3-4bff-9bf8-e530235a938e", "event_type": "job_started"}
{"asctime": "2026-09-20 03:40:29,442", "levelname": "INFO", "name": "invoice_app", "message": "Job submitted", "service": "invoice_job_queue", "job_id": "cb451a1b-0621-4968-8cad-53e64b073af4", "event_type": "job_submitted", "customer": "Kamal Nasir", "items": [{"name": "Pineapple Cake Slice", "qty": 2, "price": 9}]}
{"asctime": "2026-09-20 03:40:33,741", "levelname": "INFO", "name": "invoice_app", "message": "Job completed successfully", "service": "invoice_job_queue", "job_id": "6d56d64b-45b3-4bff-9bf8-e530235a938e", "event_type": "job_completed", "invoice_file": "invoices/invoice_6d56d64b-45b3-4bff-9bf8-e530235a938e.pdf", "duration_seconds": 8.011605501174927, "invoice_total": 17}
{"asctime": "2026-09-20 03:40:34,741", "levelname": "INFO", "name": "invoice_app", "message": "Job processing started", "service": "invoice_job_queue", "job_id": "cb451a1b-0621-4968-8cad-53e64b073af4", "event_type": "job_started"}
{"asctime": "2026-09-20 03:40:37,211", "levelname": "INFO", "name": "invoice_app", "message": "Job submitted", "service": "invoice_job_queue", "job_id": "5a470c48-d6eb-4e35-a554-414709d67bc9", "event_type": "job_submitted", "customer": "Ayesha Munir", "items": [{"name": "Coconut Ladoo", "qty": 8, "price": 2}]}
{"asctime": "2026-09-20 03:40:41,719", "levelname": "INFO", "name": "invoice_app", "message": "Job submitted", "service": "invoice_job_queue", "job_id": "b95be266-779c-4d18-a16e-bd7f5fff5c2d", "event_type": "job_submitted", "customer": "Bilal Shafiq", "items": [{"name": "Rasgulla Box", "qty": 3, "price": 5}]}
{"asctime": "2026-09-20 03:40:42,747", "levelname": "INFO", "name": "invoice_app", "message": "Job completed successfully", "service": "invoice_job_queue", "job_id": "cb451a1b-0621-4968-8cad-53e64b073af4", "event_type": "job_completed", "invoice_file": "invoices/invoice_cb451a1b-0621-4968-8cad-53e64b073af4.pdf", "duration_seconds": 8.004713535308838, "invoice_total": 18}
{"asctime": "2026-09-20 03:40:43,747", "levelname": "INFO", "name": "invoice_app", "message": "Job processing started", "service": "invoice_job_queue", "job_id": "5a470c48-d6eb-4e35-a554-414709d67bc9", "event_type": "job_started"}
{"asctime": "2026-09-20 03:40:51,752", "levelname": "INFO", "name": "invoice_app", "message": "Job completed successfully", "service": "invoice_job_queue", "job_id": "5a470c48-d6eb-4e35-a554-414709d67bc9", "event_type": "job_completed", "invoice_file": "invoices/invoice_5a470c48-d6eb-4e35-a554-414709d67bc9.pdf", "duration_seconds": 8.004345893859863, "invoice_total": 16}
{"asctime": "2026-09-20 03:40:51,752", "levelname": "INFO", "name": "invoice_app", "message": "Job processing started", "service": "invoice_job_queue", "job_id": "b95be266-779c-4d18-a16e-bd7f5fff5c2d", "event_type": "job_started"}
{"asctime": "2026-09-20 03:40:59,756", "levelname": "INFO", "name": "invoice_app", "message": "Job completed successfully", "service": "invoice_job_queue", "job_id": "b95be266-779c-4d18-a16e-bd7f5fff5c2d", "event_type": "job_completed", "invoice_file": "invoices/invoice_b95be266-779c-4d18-a16e-bd7f5fff5c2d.pdf", "duration_seconds": 8.00311541557312, "invoice_total": 15}
{"asctime": "2026-09-20 03:47:32,192", "levelname": "INFO", "name": "invoice_app", "message": "Job submitted", "service": "invoice_job_queue", "job_id": "ef95b749-372a-45ff-9c98-3f41cd014078", "event_type": "job_submitted", "customer": "Nayab Sultan", "items": [{"name": "Almond Croissant", "qty": 2, "price": 8}]}
{"asctime": "2026-09-20 03:47:32,987", "levelname": "INFO", "name": "invoice_app", "message": "Job processing started", "service": "invoice_job_queue", "job_id": "ef95b749-372a-45ff-9c98-3f41cd014078", "event_type": "job_started"}
{"asctime": "2026-09-20 03:47:38,372", "levelname": "INFO", "name": "invoice_app", "message": "Job submitted", "service": "invoice_job_queue", "job_id": "19b808a0-8075-4d8a-8768-4a3fb7aaef3f", "event_type": "job_submitted", "customer": "Arslan Bashir", "items": [{"name": "Berry Cheesecake", "qty": 1, "price": 19}]}
{"asctime": "2026-09-20 03:47:40,991", "levelname": "INFO", "name": "invoice_app", "message": "Job completed successfully", "service": "invoice_job_queue", "job_id": "ef95b749-372a-45ff-9c98-3f41cd014078", "event_type": "job_completed", "invoice_file": "invoices/invoice_ef95b749-372a-45ff-9c98-3f41cd014078.pdf", "duration_seconds": 8.003302335739136, "invoice_total": 16}
{"asctime": "2026-09-20 03:47:41,992", "levelname": "INFO", "name": "invoice_app", "message": "Job processing started", "service": "invoice_job_queue", "job_id": "19b808a0-8075-4d8a-8768-4a3fb7aaef3f", "event_type": "job_started"}
{"asctime": "2026-09-20 03:47:48,230", "levelname": "INFO", "name": "invoice_app", "message": "Job submitted", "service": "invoice_job_queue", "job_id": "9d489332-85e2-42a2-97cb-4ea0d9686225", "event_type": "job_submitted", "customer": "Hafsa Tanveer", "items": [{"name": "Vanilla Wafer", "qty": 5, "price": 3}]}
{"asctime": "2026-09-20 03:47:49,996", "levelname": "INFO", "name": "invoice_app", "message": "Job completed successfully", "service": "invoice_job_queue", "job_id": "19b808a0-8075-4d8a-8768-4a3fb7aaef3f", "event_type": "job_completed", "invoice_file": "invoices/invoice_19b808a0-8075-4d8a-8768-4a3fb7aaef3f.pdf", "duration_seconds": 8.00398325920105, "invoice_total": 19}
{"asctime": "2026-09-20 03:47:50,997", "levelname": "INFO", "name": "invoice_app", "message": "Job processing started", "service": "invoice_job_queue", "job_id": "9d489332-85e2-42a2-97cb-4ea0d9686225", "event_type": "job_started"}
{"asctime": "2026-09-20 03:47:53,712", "levelname": "INFO", "name": "invoice_app", "message": "Job submitted", "service": "invoice_job_queue", "job_id": "80c50bb0-dd0f-4273-a646-c73b31625e5a", "event_type": "job_submitted", "customer": "Hafsa Tanveer", "items": [{"name": "Vanilla Wafer", "qty": 5, "price": 3}]}
{"asctime": "2026-09-20 03:47:59,001", "levelname": "INFO", "name": "invoice_app", "message": "Job completed successfully", "service": "invoice_job_queue", "job_id": "9d489332-85e2-42a2-97cb-4ea0d9686225", "event_type": "job_completed", "invoice_file": "invoices/invoice_9d489332-85e2-42a2-97cb-4ea0d9686225.pdf", "duration_seconds": 8.003453016281128, "invoice_total": 15}
{"asctime": "2026-09-20 03:48:00,002", "levelname": "INFO", "name": "invoice_app", "message": "Job processing started", "service": "invoice_job_queue", "job_id": "80c50bb0-dd0f-4273-a646-c73b31625e5a", "event_type": "job_started"}
{"asctime": "2026-09-20 03:48:00,802", "levelname": "INFO", "name": "invoice_app", "message": "Job submitted", "service": "invoice_job_queue", "job_id": "66425c62-bb85-4ab1-baed-ba3e6fe36dc6", "event_type": "job_submitted", "customer": "Usman Ghani", "items": [{"name": "Toffee Pudding", "qty": 2, "price": 10}]}
{"asctime": "2026-09-20 03:48:04,773", "levelname": "INFO", "name": "invoice_app", "message": "Job submitted", "service": "invoice_job_queue", "job_id": "f7b3a3df-2144-4d86-89ed-cfeb934101fc", "event_type": "job_submitted", "customer": "Warda Naeem", "items": [{"name": "Mocha Mousse", "qty": 1, "price": 14}]}
{"asctime": "2026-09-20 03:48:08,007", "levelname": "INFO", "name": "invoice_app", "message": "Job completed successfully", "service": "invoice_job_queue", "job_id": "80c50bb0-dd0f-4273-a646-c73b31625e5a", "event_type": "job_completed", "invoice_file": "invoices/invoice_80c50bb0-dd0f-4273-a646-c73b31625e5a.pdf", "duration_seconds": 8.004539251327515, "invoice_total": 15}
{"asctime": "2026-09-20 03:48:09,009", "levelname": "INFO", "name": "invoice_app", "message": "Job processing started", "service": "invoice_job_queue", "job_id": "66425c62-bb85-4ab1-baed-ba3e6fe36dc6", "event_type": "job_started"}
{"asctime": "2026-09-20 03:48:09,413", "levelname": "INFO", "name": "invoice_app", "message": "Job submitted", "service": "invoice_job_queue", "job_id": "b61952cf-b3e7-4215-bb9c-8863fa3a667d", "event_type": "job_submitted", "customer": "Kashan Riaz", "items": [{"name": "Lemon Cupcake", "qty": 4, "price": 4}]}
{"asctime": "2026-09-20 03:48:17,023", "levelname": "INFO", "name": "invoice_app", "message": "Job completed successfully", "service": "invoice_job_queue", "job_id": "66425c62-bb85-4ab1-baed-ba3e6fe36dc6", "event_type": "job_completed", "invoice_file": "invoices/invoice_66425c62-bb85-4ab1-baed-ba3e6fe36dc6.pdf", "duration_seconds": 8.013564825057983, "invoice_total": 20}
{"asctime": "2026-09-20 03:48:17,023", "levelname": "INFO", "name": "invoice_app", "message": "Job processing started", "service": "invoice_job_queue", "job_id": "f7b3a3df-2144-4d86-89ed-cfeb934101fc", "event_type": "job_started"}
{"asctime": "2026-09-20 03:48:25,028", "levelname": "INFO", "name": "invoice_app", "message": "Job completed successfully", "service": "invoice_job_queue", "job_id": "f7b3a3df-2144-4d86-89ed-cfeb934101fc", "event_type": "job_completed", "invoice_file": "invoices/invoice_f7b3a3df-2144-4d86-89ed-cfeb934101fc.pdf", "duration_seconds": 8.005100727081299, "invoice_total": 14}
{"asctime": "2026-09-20 03:48:26,029", "levelname": "INFO", "name": "invoice_app", "message": "Job processing started", "service": "invoice_job_queue", "job_id": "b61952cf-b3e7-4215-bb9c-8863fa3a667d", "event_type": "job_started"}
{"asctime": "2026-09-20 03:48:34,032", "levelname": "INFO", "name": "invoice_app", "message": "Job completed successfully", "service": "invoice_job_queue", "job_id": "b61952cf-b3e7-4215-bb9c-8863fa3a667d", "event_type": "job_completed", "invoice_file": "invoices/invoice_b61952cf-b3e7-4215-bb9c-8863fa3a667d.pdf", "duration_seconds": 8.002535104751587, "invoice_total": 16}
{"asctime": "2026-09-22 20:32:57,319", "levelname": "INFO", "name": "invoice_app", "message": "Job submitted", "service": "invoice_job_queue", "job_id": "5e0ad8aa-eae6-4772-a6c6-603c1a1c2dea", "event_type": "job_submitted", "customer": "Hira Naveed", "items": [{"name": "Chocolate Souffle", "qty": 2, "price": 14}]}
{"asctime": "2026-09-22 20:32:58,249", "levelname": "INFO", "name": "invoice_app", "message": "Job processing started", "service": "invoice_job_queue", "job_id": "5e0ad8aa-eae6-4772-a6c6-603c1a1c2dea", "event_type": "job_started"}
{"asctime": "2026-09-22 20:33:06,260", "levelname": "INFO", "name": "invoice_app", "message": "Job completed successfully", "service": "invoice_job_queue", "job_id": "5e0ad8aa-eae6-4772-a6c6-603c1a1c2dea", "event_type": "job_completed", "invoice_file": "invoices/invoice_5e0ad8aa-eae6-4772-a6c6-603c1a1c2dea.pdf", "duration_seconds": 8.010013341903687, "invoice_total": 28}
{"asctime": "2026-09-22 20:33:18,445", "levelname": "INFO", "name": "invoice_app", "message": "Job submitted", "service": "invoice_job_queue", "job_id": "a0d2c0b2-d45c-4a91-8f7a-3f54b6645300", "event_type": "job_submitted", "customer": "Hira Naveed", "items": [{"name": "Chocolate Souffle", "qty": 2, "price": 14}]}
{"asctime": "2026-09-22 20:33:19,019", "levelname": "INFO", "name": "invoice_app", "message": "Job submitted", "service": "invoice_job_queue", "job_id": "83cce661-d146-4efd-9391-61478a18cf15", "event_type": "job_submitted", "customer": "Hira Naveed", "items": [{"name": "Chocolate Souffle", "qty": 2, "price": 14}]}
{"asctime": "2026-09-22 20:33:19,266", "levelname": "INFO", "name": "invoice_app", "message": "Job processing started", "service": "invoice_job_queue", "job_id": "a0d2c0b2-d45c-4a91-8f7a-3f54b6645300", "event_type": "job_started"}
{"asctime": "2026-09-22 20:33:26,005", "levelname": "INFO", "name": "invoice_app", "message": "Job submitted", "service": "invoice_job_queue", "job_id": "2ca3edde-2a42-4081-b1de-88b377adfcd8", "event_type": "job_submitted", "customer": "Hira Naveed", "items": [{"name": "Chocolate Souffle", "qty": 2, "price": 14}]}
{"asctime": "2026-09-22 20:33:27,270", "levelname": "INFO", "name": "invoice_app", "message": "Job completed successfully", "service": "invoice_job_queue", "job_id": "a0d2c0b2-d45c-4a91-8f7a-3f54b6645300", "event_type": "job_completed", "invoice_file": "invoices/invoice_a0d2c0b2-d45c-4a91-8f7a-3f54b6645300.pdf", "duration_seconds": 8.003628253936768, "invoice_total": 28}
{"asctime": "2026-09-22 20:33:27,270", "levelname": "INFO", "name": "invoice_app", "message": "Job processing started", "service": "invoice_job_queue", "job_id": "83cce661-d146-4efd-9391-61478a18cf15", "event_type": "job_started"}
{"asctime": "2026-09-22 20:33:35,274", "levelname": "INFO", "name": "invoice_app", "message": "Job completed successfully", "service": "invoice_job_queue", "job_id": "83cce661-d146-4efd-9391-61478a18cf15", "event_type": "job_completed", "invoice_file": "invoices/invoice_83cce661-d146-4efd-9391-61478a18cf15.pdf", "duration_seconds": 8.003974199295044, "invoice_total": 28}
{"asctime": "2026-09-22 20:33:36,275", "levelname": "INFO", "name": "invoice_app", "message": "Job processing started", "service": "invoice_job_queue", "job_id": "2ca3edde-2a42-4081-b1de-88b377adfcd8", "event_type": "job_started"}
{"asctime": "2026-09-22 20:33:44,280", "levelname": "INFO", "name": "invoice_app", "message": "Job completed successfully", "service": "invoice_job_queue", "job_id": "2ca3edde-2a42-4081-b1de-88b377adfcd8", "event_type": "job_completed", "invoice_file": "invoices/invoice_2ca3edde-2a42-4081-b1de-88b377adfcd8.pdf", "duration_seconds": 8.005497932434082, "invoice_total": 28}
{"asctime": "2026-09-22 20:33:49,023", "levelname": "INFO", "name": "invoice_app", "message": "Job submitted", "service": "invoice_job_queue", "job_id": "0428b41a-0452-4257-b7d5-db66cbfa2677", "event_type": "job_submitted", "customer": "Ahsan Malik", "items": [{"name": "Coconut Ladoo", "qty": 5, "price": 3}]}
{"asctime": "2026-09-22 20:33:49,283", "levelname": "INFO", "name": "invoice_app", "message": "Job processing started", "service": "invoice_job_queue", "job_id": "0428b41a-0452-4257-b7d5-db66cbfa2677", "event_type": "job_started"}
{"asctime": "2026-09-22 20:33:54,232", "levelname": "INFO", "name": "invoice_app", "message": "Job submitted", "service": "invoice_job_queue", "job_id": "0adfdf42-477f-404f-b888-ac5c5841788f", "event_type": "job_submitted", "customer": "Zainab Farooqi", "items": [{"name": "Red Velvet Slice", "qty": 1, "price": 22}]}
{"asctime": "2026-09-22 20:33:57,286", "levelname": "INFO", "name": "invoice_app", "message": "Job completed successfully", "service": "invoice_job_queue", "job_id": "0428b41a-0452-4257-b7d5-db66cbfa2677", "event_type": "job_completed", "invoice_file": "invoices/invoice_0428b41a-0452-4257-b7d5-db66cbfa2677.pdf", "duration_seconds": 8.002720594406128, "invoice_total": 15}
{"asctime": "2026-09-22 20:33:58,287", "levelname": "INFO", "name": "invoice_app", "message": "Job processing started", "service": "invoice_job_queue", "job_id": "0adfdf42-477f-404f-b888-ac5c5841788f", "event_type": "job_started"}
{"asctime": "2026-09-22 20:34:06,291", "levelname": "INFO", "name": "invoice_app", "message": "Job completed successfully", "service": "invoice_job_queue", "job_id": "0adfdf42-477f-404f-b888-ac5c5841788f", "event_type": "job_completed", "invoice_file": "invoices/invoice_0adfdf42-477f-404f-b888-ac5c5841788f.pdf", "duration_seconds": 8.003490686416626, "invoice_total": 22}
{"asctime": "2026-09-22 20:35:22,518", "levelname": "INFO", "name": "invoice_app", "message": "Job submitted", "service": "invoice_job_queue", "job_id": "2b83bb57-791b-4fd9-866d-74589a9f6e39", "event_type": "job_submitted", "customer": "Bilal Aslam", "items": [{"name": "Vanilla Eclair", "qty": 4, "price": 6}]}
{"asctime": "2026-09-22 20:35:23,339", "levelname": "INFO", "name": "invoice_app", "message": "Job processing started", "service": "invoice_job_queue", "job_id": "2b83bb57-791b-4fd9-866d-74589a9f6e39", "event_type": "job_started"}
{"asctime": "2026-09-22 20:35:25,652", "levelname": "INFO", "name": "invoice_app", "message": "Job submitted", "service": "invoice_job_queue", "job_id": "cd45d039-eb59-406c-a882-3c44f583620a", "event_type": "job_submitted", "customer": "Sana Mehmood", "items": [{"name": "Peach Tart", "qty": 2, "price": 11}]}
{"asctime": "2026-09-22 20:35:31,352", "levelname": "INFO", "name": "invoice_app", "message": "Job completed successfully", "service": "invoice_job_queue", "job_id": "2b83bb57-791b-4fd9-866d-74589a9f6e39", "event_type": "job_completed", "invoice_file": "invoices/invoice_2b83bb57-791b-4fd9-866d-74589a9f6e39.pdf", "duration_seconds": 8.012577295303345, "invoice_total": 24}
{"asctime": "2026-09-22 20:35:32,352", "levelname": "INFO", "name": "invoice_app", "message": "Job processing started", "service": "invoice_job_queue", "job_id": "cd45d039-eb59-406c-a882-3c44f583620a", "event_type": "job_started"}
{"asctime": "2026-09-22 20:35:40,365", "levelname": "INFO", "name": "invoice_app", "message": "Job completed successfully", "service": "invoice_job_queue", "job_id": "cd45d039-eb59-406c-a882-3c44f583620a", "event_type": "job_completed", "invoice_file": "invoices/invoice_cd45d039-eb59-406c-a882-3c44f583620a.pdf", "duration_seconds": 8.012784957885742, "invoice_total": 22}
{"asctime": "2026-09-22 20:35:42,365", "levelname": "INFO", "name": "invoice_app", "message": "Job submitted", "service": "invoice_job_queue", "job_id": "48793e66-5b47-4472-ad47-96eaadbb8a25", "event_type": "job_submitted", "customer": "Sana Mehmood", "items": [{"name": "Peach Tart", "qty": 2, "price": 11}]}
{"asctime": "2026-09-22 20:35:42,366", "levelname": "INFO", "name": "invoice_app", "message": "Job processing started", "service": "invoice_job_queue", "job_id": "48793e66-5b47-4472-ad47-96eaadbb8a25", "event_type": "job_started"}
{"asctime": "2026-09-22 20:35:43,065", "levelname": "INFO", "name": "invoice_app", "message": "Job submitted", "service": "invoice_job_queue", "job_id": "18fee22e-6418-45e7-8ee6-5fa50a940f74", "event_type": "job_submitted", "customer": "Sana Mehmood", "items": [{"name": "Peach Tart", "qty": 2, "price": 11}]}
{"asctime": "2026-09-22 20:35:50,369", "levelname": "INFO", "name": "invoice_app", "message": "Job completed successfully", "service": "invoice_job_queue", "job_id": "48793e66-5b47-4472-ad47-96eaadbb8a25", "event_type": "job_completed", "invoice_file": "invoices/invoice_48793e66-5b47-4472-ad47-96eaadbb8a25.pdf", "duration_seconds": 8.002110958099365, "invoice_total": 22}
{"asctime": "2026-09-22 20:35:51,369", "levelname": "INFO", "name": "invoice_app", "message": "Job processing started", "service": "invoice_job_queue", "job_id": "18fee22e-6418-45e7-8ee6-5fa50a940f74", "event_type": "job_started"}
{"asctime": "2026-09-22 20:35:59,375", "levelname": "INFO", "name": "invoice_app", "message": "Job completed successfully", "service": "invoice_job_queue", "job_id": "18fee22e-6418-45e7-8ee6-5fa50a940f74", "event_type": "job_completed", "invoice_file": "invoices/invoice_18fee22e-6418-45e7-8ee6-5fa50a940f74.pdf", "duration_seconds": 8.005572319030762, "invoice_total": 22}
{"asctime": "2026-09-22 20:38:31,534", "levelname": "INFO", "name": "invoice_app", "message": "Job submitted", "service": "invoice_job_queue", "job_id": "9d8b945a-dd82-4626-90e1-53f9fa214d7f", "event_type": "job_submitted", "customer": "Faraz Iqbal", "items": [{"name": "Kunafa Slice", "qty": 3, "price": 9}]}
{"asctime": "2026-09-22 20:38:32,447", "levelname": "INFO", "name": "invoice_app", "message": "Job processing started", "service": "invoice_job_queue", "job_id": "9d8b945a-dd82-4626-90e1-53f9fa214d7f", "event_type": "job_started"}
{"asctime": "2026-09-22 20:38:40,451", "levelname": "INFO", "name": "invoice_app", "message": "Job completed successfully", "service": "invoice_job_queue", "job_id": "9d8b945a-dd82-4626-90e1-53f9fa214d7f", "event_type": "job_completed", "invoice_file": "invoices/invoice_9d8b945a-dd82-4626-90e1-53f9fa214d7f.pdf", "duration_seconds": 8.002961874008179, "invoice_total": 27}
{"asctime": "2026-09-22 20:41:48,923", "levelname": "INFO", "name": "invoice_app", "message": "Job submitted", "service": "invoice_job_queue", "job_id": "bd292a90-01be-4684-b3c6-01b1f817be95", "event_type": "job_submitted", "customer": "Mehwish Anwar", "items": [{"name": "Macarons", "qty": 8, "price": 2}]}
{"asctime": "2026-09-22 20:41:49,550", "levelname": "INFO", "name": "invoice_app", "message": "Job processing started", "service": "invoice_job_queue", "job_id": "bd292a90-01be-4684-b3c6-01b1f817be95", "event_type": "job_started"}
{"asctime": "2026-09-22 20:41:57,556", "levelname": "INFO", "name": "invoice_app", "message": "Job completed successfully", "service": "invoice_job_queue", "job_id": "bd292a90-01be-4684-b3c6-01b1f817be95", "event_type": "job_completed", "invoice_file": "invoices/invoice_bd292a90-01be-4684-b3c6-01b1f817be95.pdf", "duration_seconds": 8.005332708358765, "invoice_total": 16}
{"asctime": "2026-09-22 20:44:25,747", "levelname": "INFO", "name": "invoice_app", "message": "Job submitted", "service": "invoice_job_queue", "job_id": "99a6faa8-a037-48a1-b546-8ea27849c53c", "event_type": "job_submitted", "customer": "Mehwish Anwar", "items": [{"name": "Macarons", "qty": 8, "price": 2}]}
{"asctime": "2026-09-22 20:44:26,642", "levelname": "INFO", "name": "invoice_app", "message": "Job processing started", "service": "invoice_job_queue", "job_id": "99a6faa8-a037-48a1-b546-8ea27849c53c", "event_type": "job_started"}
{"asctime": "2026-09-22 20:44:34,647", "levelname": "INFO", "name": "invoice_app", "message": "Job completed successfully", "service": "invoice_job_queue", "job_id": "99a6faa8-a037-48a1-b546-8ea27849c53c", "event_type": "job_completed", "invoice_file": "invoices/invoice_99a6faa8-a037-48a1-b546-8ea27849c53c.pdf", "duration_seconds": 8.004367351531982, "invoice_total": 16}
{"asctime": "2026-09-22 20:45:50,483", "levelname": "INFO", "name": "invoice_app", "message": "Job submitted", "service": "invoice_job_queue", "job_id": "a4f5b6fa-7119-4516-b055-d23654ff80bd", "event_type": "job_submitted", "customer": "Mehwish Anwar", "items": [{"name": "Macarons", "qty": 8, "price": 2}]}
{"asctime": "2026-09-22 20:45:50,937", "levelname": "INFO", "name": "invoice_app", "message": "Job processing started", "service": "invoice_job_queue", "job_id": "a4f5b6fa-7119-4516-b055-d23654ff80bd", "event_type": "job_started"}
{"asctime": "2026-09-22 20:45:58,943", "levelname": "INFO", "name": "invoice_app", "message": "Job completed successfully", "service": "invoice_job_queue", "job_id": "a4f5b6fa-7119-4516-b055-d23654ff80bd", "event_type": "job_completed", "invoice_file": "invoices/invoice_a4f5b6fa-7119-4516-b055-d23654ff80bd.pdf", "duration_seconds": 8.005841255187988, "invoice_total": 16}
{"asctime": "2026-09-22 20:47:51,505", "levelname": "INFO", "name": "invoice_app", "message": "Job submitted", "service": "invoice_job_queue", "job_id": "6ed1f019-53f2-4784-90ed-5b303826a7e6", "event_type": "job_submitted", "customer": "Hira Naveed", "items": [{"name": "Chocolate Souffle", "qty": 2, "price": 14}, {"name": "Mint Tea", "qty": 2, "price": 4}]}
{"asctime": "2026-09-22 20:47:52,016", "levelname": "INFO", "name": "invoice_app", "message": "Job processing started", "service": "invoice_job_queue", "job_id": "6ed1f019-53f2-4784-90ed-5b303826a7e6", "event_type": "job_started"}
{"asctime": "2026-09-22 20:48:00,021", "levelname": "INFO", "name": "invoice_app", "message": "Job completed successfully", "service": "invoice_job_queue", "job_id": "6ed1f019-53f2-4784-90ed-5b303826a7e6", "event_type": "job_completed", "invoice_file": "invoices/invoice_6ed1f019-53f2-4784-90ed-5b303826a7e6.pdf", "duration_seconds": 8.00452733039856, "invoice_total": 36}
{"asctime": "2026-09-22 20:48:12,023", "levelname": "INFO", "name": "invoice_app", "message": "Job submitted", "service": "invoice_job_queue", "job_id": "d6235244-c7c0-4146-8d78-91ef086f3442", "event_type": "job_submitted", "customer": "Ahsan Malik", "items": [{"name": "Coconut Ladoo", "qty": 5, "price": 3}, {"name": "Baklava Roll", "qty": 2, "price": 8}]}
{"asctime": "2026-09-22 20:48:12,026", "levelname": "INFO", "name": "invoice_app", "message": "Job processing started", "service": "invoice_job_queue", "job_id": "d6235244-c7c0-4146-8d78-91ef086f3442", "event_type": "job_started"}
{"asctime": "2026-09-22 20:48:17,201", "levelname": "INFO", "name": "invoice_app", "message": "Job submitted", "service": "invoice_job_queue", "job_id": "4f50a931-ff2d-496f-b126-8fa9643ae3f3", "event_type": "job_submitted", "customer": "Zainab Farooqi", "items": [{"name": "Red Velvet Slice", "qty": 1, "price": 22}, {"name": "Espresso", "qty": 1, "price": 5}]}
{"asctime": "2026-09-22 20:48:20,031", "levelname": "INFO", "name": "invoice_app", "message": "Job completed successfully", "service": "invoice_job_queue", "job_id": "d6235244-c7c0-4146-8d78-91ef086f3442", "event_type": "job_completed", "invoice_file": "invoices/invoice_d6235244-c7c0-4146-8d78-91ef086f3442.pdf", "duration_seconds": 8.005325555801392, "invoice_total": 31}
{"asctime": "2026-09-22 20:48:21,032", "levelname": "INFO", "name": "invoice_app", "message": "Job processing started", "service": "invoice_job_queue", "job_id": "4f50a931-ff2d-496f-b126-8fa9643ae3f3", "event_type": "job_started"}
{"asctime": "2026-09-22 20:48:22,025", "levelname": "INFO", "name": "invoice_app", "message": "Job submitted", "service": "invoice_job_queue", "job_id": "379d34cf-e71c-4169-93ec-e4d62e97016a", "event_type": "job_submitted", "customer": "Bilal Aslam", "items": [{"name": "Vanilla Eclair", "qty": 4, "price": 6}, {"name": "Iced Latte", "qty": 3, "price": 6}]}
{"asctime": "2026-09-22 20:48:25,661", "levelname": "INFO", "name": "invoice_app", "message": "Job submitted", "service": "invoice_job_queue", "job_id": "37cd4815-d71b-4c63-9d9c-ea3945b8018c", "event_type": "job_submitted", "customer": "Sana Mehmood", "items": [{"name": "Peach Tart", "qty": 2, "price": 11}, {"name": "Chamomile Tea", "qty": 2, "price": 4}]}
{"asctime": "2026-09-22 20:48:29,039", "levelname": "INFO", "name": "invoice_app", "message": "Job completed successfully", "service": "invoice_job_queue", "job_id": "4f50a931-ff2d-496f-b126-8fa9643ae3f3", "event_type": "job_completed", "invoice_file": "invoices/invoice_4f50a931-ff2d-496f-b126-8fa9643ae3f3.pdf", "duration_seconds": 8.006017923355103, "invoice_total": 27}
{"asctime": "2026-09-22 20:48:30,039", "levelname": "INFO", "name": "invoice_app", "message": "Job processing started", "service": "invoice_job_queue", "job_id": "379d34cf-e71c-4169-93ec-e4d62e97016a", "event_type": "job_started"}
{"asctime": "2026-09-22 20:48:38,046", "levelname": "INFO", "name": "invoice_app", "message": "Job completed successfully", "service": "invoice_job_queue", "job_id": "379d34cf-e71c-4169-93ec-e4d62e97016a", "event_type": "job_completed", "invoice_file": "invoices/invoice_379d34cf-e71c-4169-93ec-e4d62e97016a.pdf", "duration_seconds": 8.00625205039978, "invoice_total": 42}
{"asctime": "2026-09-22 20:48:38,047", "levelname": "INFO", "name": "invoice_app", "message": "Job processing started", "service": "invoice_job_queue", "job_id": "37cd4815-d71b-4c63-9d9c-ea3945b8018c", "event_type": "job_started"}
{"asctime": "2026-09-22 20:48:46,062", "levelname": "INFO", "name": "invoice_app", "message": "Job completed successfully", "service": "invoice_job_queue", "job_id": "37cd4815-d71b-4c63-9d9c-ea3945b8018c", "event_type": "job_completed", "invoice_file": "invoices/invoice_37cd4815-d71b-4c63-9d9c-ea3945b8018c.pdf", "duration_seconds": 8.015125513076782, "invoice_total": 30}
{"asctime": "2026-09-22 20:51:02,553", "levelname": "INFO", "name": "invoice_app", "message": "Job submitted", "service": "invoice_job_queue", "job_id": "9da9bc38-2177-4f74-a0ac-846052481936", "event_type": "job_submitted", "customer": "Faraz Iqbal", "items": [{"name": "Kunafa Slice", "qty": 3, "price": 9}, {"name": "Turkish Coffee", "qty": 2, "price": 5}]}
{"asctime": "2026-09-22 20:51:03,133", "levelname": "INFO", "name": "invoice_app", "message": "Job processing started", "service": "invoice_job_queue", "job_id": "9da9bc38-2177-4f74-a0ac-846052481936", "event_type": "job_started"}
{"asctime": "2026-09-22 20:51:11,141", "levelname": "INFO", "name": "invoice_app", "message": "Job completed successfully", "service": "invoice_job_queue", "job_id": "9da9bc38-2177-4f74-a0ac-846052481936", "event_type": "job_completed", "invoice_file": "invoices/invoice_9da9bc38-2177-4f74-a0ac-846052481936.pdf", "duration_seconds": 8.007062196731567, "invoice_total": 37}
{"asctime": "2026-09-22 20:51:55,021", "levelname": "INFO", "name": "invoice_app", "message": "Job submitted", "service": "invoice_job_queue", "job_id": "c29aa33c-6f92-476b-82c3-893a47c715a8", "event_type": "job_submitted", "customer": "Mehwish Anwar", "items": [{"name": "Macarons", "qty": 8, "price": 2}, {"name": "Rose Lemonade", "qty": 2, "price": 6}]}
{"asctime": "2026-09-22 20:51:55,162", "levelname": "INFO", "name": "invoice_app", "message": "Job processing started", "service": "invoice_job_queue", "job_id": "c29aa33c-6f92-476b-82c3-893a47c715a8", "event_type": "job_started"}
{"asctime": "2026-09-22 20:52:03,166", "levelname": "INFO", "name": "invoice_app", "message": "Job completed successfully", "service": "invoice_job_queue", "job_id": "c29aa33c-6f92-476b-82c3-893a47c715a8", "event_type": "job_completed", "invoice_file": "invoices/invoice_c29aa33c-6f92-476b-82c3-893a47c715a8.pdf", "duration_seconds": 8.003808498382568, "invoice_total": 28}
{"asctime": "2026-09-22 20:52:15,352", "levelname": "INFO", "name": "invoice_app", "message": "Job submitted", "service": "invoice_job_queue", "job_id": "4f159070-756c-4ddd-9e39-e128cee44aa9", "event_type": "job_submitted", "customer": "Danish Rauf", "items": [{"name": "Chocolate Fudge Cake", "qty": 1, "price": 26}, {"name": "Cappuccino", "qty": 2, "price": 5}]}
{"asctime": "2026-09-22 20:52:16,172", "levelname": "INFO", "name": "invoice_app", "message": "Job processing started", "service": "invoice_job_queue", "job_id": "4f159070-756c-4ddd-9e39-e128cee44aa9", "event_type": "job_started"}
{"asctime": "2026-09-22 20:52:24,178", "levelname": "INFO", "name": "invoice_app", "message": "Job completed successfully", "service": "invoice_job_queue", "job_id": "4f159070-756c-4ddd-9e39-e128cee44aa9", "event_type": "job_completed", "invoice_file": "invoices/invoice_4f159070-756c-4ddd-9e39-e128cee44aa9.pdf", "duration_seconds": 8.005918502807617, "invoice_total": 36}
{"asctime": "2026-09-22 22:13:01,283", "levelname": "INFO", "name": "invoice_app", "message": "Job submitted", "service": "invoice_job_queue", "job_id": "07ce1b04-506c-4dbc-bffa-4e9413f9c150", "event_type": "job_submitted", "customer": "Waleed Nasir", "items": [{"name": "Sticky Date Pudding", "qty": 2, "price": 13}, {"name": "Hot Chocolate", "qty": 2, "price": 6}]}
{"asctime": "2026-09-22 22:13:02,216", "levelname": "INFO", "name": "invoice_app", "message": "Job processing started", "service": "invoice_job_queue", "job_id": "07ce1b04-506c-4dbc-bffa-4e9413f9c150", "event_type": "job_started"}
{"asctime": "2026-09-22 22:13:10,234", "levelname": "INFO", "name": "invoice_app", "message": "Job completed successfully", "service": "invoice_job_queue", "job_id": "07ce1b04-506c-4dbc-bffa-4e9413f9c150", "event_type": "job_completed", "invoice_file": "invoices/invoice_07ce1b04-506c-4dbc-bffa-4e9413f9c150.pdf", "duration_seconds": 8.017393350601196, "invoice_total": 38}
{"asctime": "2026-09-22 22:13:52,041", "levelname": "INFO", "name": "invoice_app", "message": "Job submitted", "service": "invoice_job_queue", "job_id": "0e34d6f1-ac7f-403a-9930-94dd7d9a9873", "event_type": "job_submitted", "customer": "Waleed Nasir", "items": [{"name": "Sticky Date Pudding", "qty": 2, "price": 13}, {"name": "Hot Chocolate", "qty": 2, "price": 6}]}
{"asctime": "2026-09-22 22:13:52,264", "levelname": "INFO", "name": "invoice_app", "message": "Job processing started", "service": "invoice_job_queue", "job_id": "0e34d6f1-ac7f-403a-9930-94dd7d9a9873", "event_type": "job_started"}
{"asctime": "2026-09-22 22:14:00,307", "levelname": "INFO", "name": "invoice_app", "message": "Job completed successfully", "service": "invoice_job_queue", "job_id": "0e34d6f1-ac7f-403a-9930-94dd7d9a9873", "event_type": "job_completed", "invoice_file": "invoices/invoice_0e34d6f1-ac7f-403a-9930-94dd7d9a9873.pdf", "duration_seconds": 8.041708946228027, "invoice_total": 38}
{"asctime": "2026-09-22 22:19:17,527", "levelname": "INFO", "name": "invoice_app", "message": "Job submitted", "service": "invoice_job_queue", "job_id": "9208ce8a-7a54-4df1-a114-f9302cc98580", "event_type": "job_submitted", "customer": "Amna Riaz", "items": [{"name": "Almond Barfi", "qty": 6, "price": 3}, {"name": "Pistachio Kulfi", "qty": 2, "price": 5}, {"name": "Chai", "qty": 3, "price": 3}]}
{"asctime": "2026-09-22 22:19:18,471", "levelname": "INFO", "name": "invoice_app", "message": "Job processing started", "service": "invoice_job_queue", "job_id": "9208ce8a-7a54-4df1-a114-f9302cc98580", "event_type": "job_started"}
{"asctime": "2026-09-22 22:19:26,481", "levelname": "INFO", "name": "invoice_app", "message": "Job completed successfully", "service": "invoice_job_queue", "job_id": "9208ce8a-7a54-4df1-a114-f9302cc98580", "event_type": "job_completed", "invoice_file": "invoices/invoice_9208ce8a-7a54-4df1-a114-f9302cc98580.pdf", "duration_seconds": 8.009254455566406, "invoice_total": 37}
{"asctime": "2026-09-22 22:20:13,226", "levelname": "INFO", "name": "invoice_app", "message": "Job submitted", "service": "invoice_job_queue", "job_id": "27aeb063-6109-425b-8f3e-eaae6d915f39", "event_type": "job_submitted", "customer": "Talha Sheikh", "items": [{"name": "Caramel Cheesecake", "qty": 1, "price": 24}, {"name": "Macchiato", "qty": 1, "price": 5}]}
{"asctime": "2026-09-22 22:20:13,512", "levelname": "INFO", "name": "invoice_app", "message": "Job processing started", "service": "invoice_job_queue", "job_id": "27aeb063-6109-425b-8f3e-eaae6d915f39", "event_type": "job_started"}
{"asctime": "2026-09-22 22:20:21,520", "levelname": "INFO", "name": "invoice_app", "message": "Job completed successfully", "service": "invoice_job_queue", "job_id": "27aeb063-6109-425b-8f3e-eaae6d915f39", "event_type": "job_completed", "invoice_file": "invoices/invoice_27aeb063-6109-425b-8f3e-eaae6d915f39.pdf", "duration_seconds": 8.007166147232056, "invoice_total": 29}
{"asctime": "2026-09-22 22:20:57,517", "levelname": "INFO", "name": "invoice_app", "message": "Job submitted", "service": "invoice_job_queue", "job_id": "a0b4b35c-088a-4ceb-bab5-203878865bff", "event_type": "job_submitted", "customer": "Nadia Yousaf", "items": [{"name": "Rose Kulfi", "qty": 4, "price": 5}, {"name": "Falooda", "qty": 2, "price": 9}]}
{"asctime": "2026-09-22 22:20:57,539", "levelname": "INFO", "name": "invoice_app", "message": "Job processing started", "service": "invoice_job_queue", "job_id": "a0b4b35c-088a-4ceb-bab5-203878865bff", "event_type": "job_started"}
{"asctime": "2026-09-22 22:21:05,556", "levelname": "INFO", "name": "invoice_app", "message": "Job completed successfully", "service": "invoice_job_queue", "job_id": "a0b4b35c-088a-4ceb-bab5-203878865bff", "event_type": "job_completed", "invoice_file": "invoices/invoice_a0b4b35c-088a-4ceb-bab5-203878865bff.pdf", "duration_seconds": 8.016675233840942, "invoice_total": 38}
{"asctime": "2026-09-22 22:25:50,022", "levelname": "INFO", "name": "invoice_app", "message": "Job submitted", "service": "invoice_job_queue", "job_id": "d07a9365-5287-4d15-9963-00b09fd6e6b8", "event_type": "job_submitted", "customer": "Nadia Yousaf", "items": [{"name": "Rose Kulfi", "qty": 4, "price": 5}, {"name": "Falooda", "qty": 2, "price": 9}]}
{"asctime": "2026-09-22 22:25:50,735", "levelname": "INFO", "name": "invoice_app", "message": "Job processing started", "service": "invoice_job_queue", "job_id": "d07a9365-5287-4d15-9963-00b09fd6e6b8", "event_type": "job_started"}
{"asctime": "2026-09-22 22:25:52,913", "levelname": "INFO", "name": "invoice_app", "message": "Job submitted", "service": "invoice_job_queue", "job_id": "950c16b0-2380-4cfb-8482-8cc344f98a79", "event_type": "job_submitted", "customer": "Umer Farooq", "items": [{"name": "Baklava Roll", "qty": 3, "price": 8}, {"name": "Arabic Coffee", "qty": 2, "price": 4}]}
{"asctime": "2026-09-22 22:25:58,744", "levelname": "INFO", "name": "invoice_app", "message": "Job completed successfully", "service": "invoice_job_queue", "job_id": "d07a9365-5287-4d15-9963-00b09fd6e6b8", "event_type": "job_completed", "invoice_file": "invoices/invoice_d07a9365-5287-4d15-9963-00b09fd6e6b8.pdf", "duration_seconds": 8.008042812347412, "invoice_total": 38}
{"asctime": "2026-09-22 22:25:59,745", "levelname": "INFO", "name": "invoice_app", "message": "Job processing started", "service": "invoice_job_queue", "job_id": "950c16b0-2380-4cfb-8482-8cc344f98a79", "event_type": "job_started"}
{"asctime": "2026-09-22 22:26:07,751", "levelname": "INFO", "name": "invoice_app", "message": "Job completed successfully", "service": "invoice_job_queue", "job_id": "950c16b0-2380-4cfb-8482-8cc344f98a79", "event_type": "job_completed", "invoice_file": "invoices/invoice_950c16b0-2380-4cfb-8482-8cc344f98a79.pdf", "duration_seconds": 8.005711078643799, "invoice_total": 32}
{"asctime": "2026-09-22 22:31:05,576", "levelname": "INFO", "name": "invoice_app", "message": "Job submitted", "service": "invoice_job_queue", "job_id": "a2e7ca0c-49ea-4c54-a00a-a6c2c29799fb", "event_type": "job_submitted", "customer": "Sara Ilyas", "items": [{"name": "Mango Sorbet", "qty": 2, "price": 10}, {"name": "Sparkling Water", "qty": 2, "price": 3}]}
{"asctime": "2026-09-22 22:31:05,916", "levelname": "INFO", "name": "invoice_app", "message": "Job processing started", "service": "invoice_job_queue", "job_id": "a2e7ca0c-49ea-4c54-a00a-a6c2c29799fb", "event_type": "job_started"}
{"asctime": "2026-09-22 22:31:13,924", "levelname": "INFO", "name": "invoice_app", "message": "Job completed successfully", "service": "invoice_job_queue", "job_id": "a2e7ca0c-49ea-4c54-a00a-a6c2c29799fb", "event_type": "job_completed", "invoice_file": "invoices/invoice_a2e7ca0c-49ea-4c54-a00a-a6c2c29799fb.pdf", "duration_seconds": 8.007028579711914, "invoice_total": 26}
{"asctime": "2026-09-22 22:32:09,146", "levelname": "INFO", "name": "invoice_app", "message": "Job submitted", "service": "invoice_job_queue", "job_id": "dc2493fd-7eee-4ef2-b199-6819e5cfa2e8", "event_type": "job_submitted", "customer": "Kamran Yousuf", "items": [{"name": "Tiramisu", "qty": 1, "price": 18}, {"name": "Cortado", "qty": 2, "price": 5}, {"name": "Biscotti", "qty": 3, "price": 2}]}
{"asctime": "2026-09-22 22:32:09,950", "levelname": "INFO", "name": "invoice_app", "message": "Job processing started", "service": "invoice_job_queue", "job_id": "dc2493fd-7eee-4ef2-b199-6819e5cfa2e8", "event_type": "job_started"}
{"asctime": "2026-09-22 22:32:17,968", "levelname": "INFO", "name": "invoice_app", "message": "Job completed successfully", "service": "invoice_job_queue", "job_id": "dc2493fd-7eee-4ef2-b199-6819e5cfa2e8", "event_type": "job_completed", "invoice_file": "invoices/invoice_dc2493fd-7eee-4ef2-b199-6819e5cfa2e8.pdf", "duration_seconds": 8.017200231552124, "invoice_total": 34}
{"asctime": "2026-09-22 22:32:43,496", "levelname": "INFO", "name": "invoice_app", "message": "Job submitted", "service": "invoice_job_queue", "job_id": "a24e2a84-3a29-4747-a3ca-f04bf2c0fcbb", "event_type": "job_submitted", "customer": "Anosha Shahid", "items": [{"name": "Lemon Bar", "qty": 4, "price": 4}, {"name": "Ginger Tea", "qty": 2, "price": 3}]}
{"asctime": "2026-09-22 22:32:43,998", "levelname": "INFO", "name": "invoice_app", "message": "Job processing started", "service": "invoice_job_queue", "job_id": "a24e2a84-3a29-4747-a3ca-f04bf2c0fcbb", "event_type": "job_started"}
{"asctime": "2026-09-22 22:32:52,006", "levelname": "INFO", "name": "invoice_app", "message": "Job completed successfully", "service": "invoice_job_queue", "job_id": "a24e2a84-3a29-4747-a3ca-f04bf2c0fcbb", "event_type": "job_completed", "invoice_file": "invoices/invoice_a24e2a84-3a29-4747-a3ca-f04bf2c0fcbb.pdf", "duration_seconds": 8.007206678390503, "invoice_total": 22}
{"asctime": "2026-09-22 22:35:41,010", "levelname": "INFO", "name": "invoice_app", "message": "Job submitted", "service": "invoice_job_queue", "job_id": "634ab61f-a6ee-422f-8414-290835593c85", "event_type": "job_submitted", "customer": "Rayyan Habib", "items": [{"name": "Chocolate Lava Cake", "qty": 2, "price": 13}, {"name": "Vanilla Milkshake", "qty": 2, "price": 7}]}
{"asctime": "2026-09-22 22:35:41,097", "levelname": "INFO", "name": "invoice_app", "message": "Job processing started", "service": "invoice_job_queue", "job_id": "634ab61f-a6ee-422f-8414-290835593c85", "event_type": "job_started"}
{"asctime": "2026-09-22 22:35:49,106", "levelname": "INFO", "name": "invoice_app", "message": "Job completed successfully", "service": "invoice_job_queue", "job_id": "634ab61f-a6ee-422f-8414-290835593c85", "event_type": "job_completed", "invoice_file": "invoices/invoice_634ab61f-a6ee-422f-8414-290835593c85.pdf", "duration_seconds": 8.007901430130005, "invoice_total": 40}
{"asctime": "2026-09-22 22:39:29,440", "levelname": "INFO", "name": "invoice_app", "message": "Job submitted", "service": "invoice_job_queue", "job_id": "84749171-3a4c-461d-93a6-eec29649db85", "event_type": "job_submitted", "customer": "Mahnoor Aziz", "items": [{"name": "Fruit Tart", "qty": 2, "price": 9}, {"name": "Pistachio Latte", "qty": 1, "price": 6}]}
{"asctime": "2026-09-22 22:39:30,240", "levelname": "INFO", "name": "invoice_app", "message": "Job processing started", "service": "invoice_job_queue", "job_id": "84749171-3a4c-461d-93a6-eec29649db85", "event_type": "job_started"}
{"asctime": "2026-09-22 22:39:38,248", "levelname": "INFO", "name": "invoice_app", "message": "Job completed successfully", "service": "invoice_job_queue", "job_id": "84749171-3a4c-461d-93a6-eec29649db85", "event_type": "job_completed", "invoice_file": "invoices/invoice_84749171-3a4c-461d-93a6-eec29649db85.pdf", "duration_seconds": 8.00752854347229, "invoice_total": 24}
{"asctime": "2026-09-22 22:39:45,895", "levelname": "INFO", "name": "invoice_app", "message": "Job submitted", "service": "invoice_job_queue", "job_id": "c5411047-fd06-4572-a97d-41978d8f9e98", "event_type": "job_submitted", "customer": "Zohaib Nadeem", "items": [{"name": "Cheesecake Bites", "qty": 6, "price": 4}, {"name": "Cold Brew", "qty": 2, "price": 6}]}
{"asctime": "2026-09-22 22:39:46,254", "levelname": "INFO", "name": "invoice_app", "message": "Job processing started", "service": "invoice_job_queue", "job_id": "c5411047-fd06-4572-a97d-41978d8f9e98", "event_type": "job_started"}
{"asctime": "2026-09-22 22:39:54,273", "levelname": "INFO", "name": "invoice_app", "message": "Job completed successfully", "service": "invoice_job_queue", "job_id": "c5411047-fd06-4572-a97d-41978d8f9e98", "event_type": "job_completed", "invoice_file": "invoices/invoice_c5411047-fd06-4572-a97d-41978d8f9e98.pdf", "duration_seconds": 8.01792597770691, "invoice_total": 36}
{"asctime": "2026-09-22 22:39:56,721", "levelname": "INFO", "name": "invoice_app", "message": "Job submitted", "service": "invoice_job_queue", "job_id": "9aa72429-b2fb-4ecd-b4e8-5cc55875f476", "event_type": "job_submitted", "customer": "Hira Naveed", "items": [{"name": "Chocolate Souffle", "qty": 2, "price": 14}, {"name": "Mint Tea", "qty": 2, "price": 4}]}
{"asctime": "2026-09-22 22:39:57,276", "levelname": "INFO", "name": "invoice_app", "message": "Job processing started", "service": "invoice_job_queue", "job_id": "9aa72429-b2fb-4ecd-b4e8-5cc55875f476", "event_type": "job_started"}
{"asctime": "2026-09-22 22:40:05,285", "levelname": "INFO", "name": "invoice_app", "message": "Job completed successfully", "service": "invoice_job_queue", "job_id": "9aa72429-b2fb-4ecd-b4e8-5cc55875f476", "event_type": "job_completed", "invoice_file": "invoices/invoice_9aa72429-b2fb-4ecd-b4e8-5cc55875f476.pdf", "duration_seconds": 8.006965398788452, "invoice_total": 36}
{"asctime": "2026-09-22 22:40:16,863", "levelname": "INFO", "name": "invoice_app", "message": "Job submitted", "service": "invoice_job_queue", "job_id": "99788a9f-178f-402d-806e-0a0bb6b6dc89", "event_type": "job_submitted", "customer": "Ahsan Malik", "items": [{"name": "Coconut Ladoo", "qty": 5, "price": 3}, {"name": "Baklava Roll", "qty": 2, "price": 8}]}
{"asctime": "2026-09-22 22:40:17,291", "levelname": "INFO", "name": "invoice_app", "message": "Job processing started", "service": "invoice_job_queue", "job_id": "99788a9f-178f-402d-806e-0a0bb6b6dc89", "event_type": "job_started"}
{"asctime": "2026-09-22 22:40:25,298", "levelname": "INFO", "name": "invoice_app", "message": "Job completed successfully", "service": "invoice_job_queue", "job_id": "99788a9f-178f-402d-806e-0a0bb6b6dc89", "event_type": "job_completed", "invoice_file": "invoices/invoice_99788a9f-178f-402d-806e-0a0bb6b6dc89.pdf", "duration_seconds": 8.006816148757935, "invoice_total": 31}
{"asctime": "2026-09-22 22:40:47,939", "levelname": "INFO", "name": "invoice_app", "message": "Job submitted", "service": "invoice_job_queue", "job_id": "fb73e697-6cc2-4e9c-a951-a53e93784551", "event_type": "job_submitted", "customer": "Zainab Farooqi", "items": [{"name": "Red Velvet Slice", "qty": 1, "price": 22}, {"name": "Espresso", "qty": 1, "price": 5}]}
{"asctime": "2026-09-22 22:40:48,310", "levelname": "INFO", "name": "invoice_app", "message": "Job processing started", "service": "invoice_job_queue", "job_id": "fb73e697-6cc2-4e9c-a951-a53e93784551", "event_type": "job_started"}
{"asctime": "2026-09-22 22:40:56,320", "levelname": "INFO", "name": "invoice_app", "message": "Job completed successfully", "service": "invoice_job_queue", "job_id": "fb73e697-6cc2-4e9c-a951-a53e93784551", "event_type": "job_completed", "invoice_file": "invoices/invoice_fb73e697-6cc2-4e9c-a951-a53e93784551.pdf", "duration_seconds": 8.010178565979004, "invoice_total": 27}
{"asctime": "2026-09-22 22:41:15,786", "levelname": "INFO", "name": "invoice_app", "message": "Job submitted", "service": "invoice_job_queue", "job_id": "51c1c84d-b82e-4857-af56-a2122f3560c0", "event_type": "job_submitted", "customer": "Zainab Farooqi", "items": [{"name": "Red Velvet Slice", "qty": 1, "price": 22}, {"name": "Espresso", "qty": 1, "price": 5}]}
{"asctime": "2026-09-22 22:41:16,332", "levelname": "INFO", "name": "invoice_app", "message": "Job processing started", "service": "invoice_job_queue", "job_id": "51c1c84d-b82e-4857-af56-a2122f3560c0", "event_type": "job_started"}
{"asctime": "2026-09-22 22:41:19,316", "levelname": "INFO", "name": "invoice_app", "message": "Job submitted", "service": "invoice_job_queue", "job_id": "553f5dfa-fda3-446a-883a-734ca8f72e2c", "event_type": "job_submitted", "customer": "Bilal Aslam", "items": [{"name": "Vanilla Eclair", "qty": 4, "price": 6}, {"name": "Iced Latte", "qty": 3, "price": 6}]}
{"asctime": "2026-09-22 22:41:22,184", "levelname": "INFO", "name": "invoice_app", "message": "Job submitted", "service": "invoice_job_queue", "job_id": "0943f128-2f0b-4c12-80ec-c3106e2f2a2e", "event_type": "job_submitted", "customer": "Sana Mehmood", "items": [{"name": "Peach Tart", "qty": 2, "price": 11}, {"name": "Chamomile Tea", "qty": 2, "price": 4}]}
{"asctime": "2026-09-22 22:41:24,350", "levelname": "INFO", "name": "invoice_app", "message": "Job completed successfully", "service": "invoice_job_queue", "job_id": "51c1c84d-b82e-4857-af56-a2122f3560c0", "event_type": "job_completed", "invoice_file": "invoices/invoice_51c1c84d-b82e-4857-af56-a2122f3560c0.pdf", "duration_seconds": 8.016888856887817, "invoice_total": 27}
{"asctime": "2026-09-22 22:41:24,552", "levelname": "INFO", "name": "invoice_app", "message": "Job submitted", "service": "invoice_job_queue", "job_id": "c42fd4f7-5d9c-4309-894d-57aa3279f113", "event_type": "job_submitted", "customer": "Sana Mehmood", "items": [{"name": "Peach Tart", "qty": 2, "price": 11}, {"name": "Chamomile Tea", "qty": 2, "price": 4}]}
{"asctime": "2026-09-22 22:41:25,350", "levelname": "INFO", "name": "invoice_app", "message": "Job processing started", "service": "invoice_job_queue", "job_id": "553f5dfa-fda3-446a-883a-734ca8f72e2c", "event_type": "job_started"}
{"asctime": "2026-09-22 22:41:33,361", "levelname": "INFO", "name": "invoice_app", "message": "Job completed successfully", "service": "invoice_job_queue", "job_id": "553f5dfa-fda3-446a-883a-734ca8f72e2c", "event_type": "job_completed", "invoice_file": "invoices/invoice_553f5dfa-fda3-446a-883a-734ca8f72e2c.pdf", "duration_seconds": 8.009726762771606, "invoice_total": 42}
{"asctime": "2026-09-22 22:41:33,361", "levelname": "INFO", "name": "invoice_app", "message": "Job processing started", "service": "invoice_job_queue", "job_id": "0943f128-2f0b-4c12-80ec-c3106e2f2a2e", "event_type": "job_started"}
{"asctime": "2026-09-22 22:41:41,368", "levelname": "INFO", "name": "invoice_app", "message": "Job completed successfully", "service": "invoice_job_queue", "job_id": "0943f128-2f0b-4c12-80ec-c3106e2f2a2e", "event_type": "job_completed", "invoice_file": "invoices/invoice_0943f128-2f0b-4c12-80ec-c3106e2f2a2e.pdf", "duration_seconds": 8.007119178771973, "invoice_total": 30}
{"asctime": "2026-09-22 22:41:41,368", "levelname": "INFO", "name": "invoice_app", "message": "Job processing started", "service": "invoice_job_queue", "job_id": "c42fd4f7-5d9c-4309-894d-57aa3279f113", "event_type": "job_started"}
{"asctime": "2026-09-22 22:41:49,375", "levelname": "INFO", "name": "invoice_app", "message": "Job completed successfully", "service": "invoice_job_queue", "job_id": "c42fd4f7-5d9c-4309-894d-57aa3279f113", "event_type": "job_completed", "invoice_file": "invoices/invoice_c42fd4f7-5d9c-4309-894d-57aa3279f113.pdf", "duration_seconds": 8.006110429763794, "invoice_total": 30}
{"asctime": "2026-09-22 22:42:15,653", "levelname": "INFO", "name": "invoice_app", "message": "Job submitted", "service": "invoice_job_queue", "job_id": "a000e377-e71f-4152-aeca-722d932e7224", "event_type": "job_submitted", "customer": "Faraz Iqbal", "items": [{"name": "Kunafa Slice", "qty": 3, "price": 9}, {"name": "Turkish Coffee", "qty": 2, "price": 5}]}
{"asctime": "2026-09-22 22:42:16,393", "levelname": "INFO", "name": "invoice_app", "message": "Job processing started", "service": "invoice_job_queue", "job_id": "a000e377-e71f-4152-aeca-722d932e7224", "event_type": "job_started"}
{"asctime": "2026-09-22 22:42:20,317", "levelname": "INFO", "name": "invoice_app", "message": "Job submitted", "service": "invoice_job_queue", "job_id": "47b378cf-28ae-476c-939d-e96880dbc054", "event_type": "job_submitted", "customer": "Mehwish Anwar", "items": [{"name": "Macarons", "qty": 8, "price": 2}, {"name": "Rose Lemonade", "qty": 2, "price": 6}]}
{"asctime": "2026-09-22 22:42:21,184", "levelname": "INFO", "name": "invoice_app", "message": "Job submitted", "service": "invoice_job_queue", "job_id": "18856f1d-eb6d-456d-b183-7cc70f491331", "event_type": "job_submitted", "customer": "Mehwish Anwar", "items": [{"name": "Macarons", "qty": 8, "price": 2}, {"name": "Rose Lemonade", "qty": 2, "price": 6}]}
{"asctime": "2026-09-22 22:42:22,032", "levelname": "INFO", "name": "invoice_app", "message": "Job submitted", "service": "invoice_job_queue", "job_id": "95c0a4f7-70ae-4870-beda-4f1fa39a4b03", "event_type": "job_submitted", "customer": "Mehwish Anwar", "items": [{"name": "Macarons", "qty": 8, "price": 2}, {"name": "Rose Lemonade", "qty": 2, "price": 6}]}
{"asctime": "2026-09-22 22:42:22,970", "levelname": "INFO", "name": "invoice_app", "message": "Job submitted", "service": "invoice_job_queue", "job_id": "d91deade-b5b1-47d2-801d-4748d4f00374", "event_type": "job_submitted", "customer": "Mehwish Anwar", "items": [{"name": "Macarons", "qty": 8, "price": 2}, {"name": "Rose Lemonade", "qty": 2, "price": 6}]}
{"asctime": "2026-09-22 22:42:24,410", "levelname": "INFO", "name": "invoice_app", "message": "Job completed successfully", "service": "invoice_job_queue", "job_id": "a000e377-e71f-4152-aeca-722d932e7224", "event_type": "job_completed", "invoice_file": "invoices/invoice_a000e377-e71f-4152-aeca-722d932e7224.pdf", "duration_seconds": 8.016004800796509, "invoice_total": 37}
{"asctime": "2026-09-22 22:42:25,411", "levelname": "INFO", "name": "invoice_app", "message": "Job processing started", "service": "invoice_job_queue", "job_id": "47b378cf-28ae-476c-939d-e96880dbc054", "event_type": "job_started"}
{"asctime": "2026-09-22 22:42:27,689", "levelname": "INFO", "name": "invoice_app", "message": "Job submitted", "service": "invoice_job_queue", "job_id": "0205e7a4-88b4-49cc-96b5-feded0f0ca92", "event_type": "job_submitted", "customer": "Danish Rauf", "items": [{"name": "Chocolate Fudge Cake", "qty": 1, "price": 26}, {"name": "Cappuccino", "qty": 2, "price": 5}]}
{"asctime": "2026-09-22 22:42:33,153", "levelname": "INFO", "name": "invoice_app", "message": "Job submitted", "service": "invoice_job_queue", "job_id": "6dc1735f-fe84-460c-ab99-d08e4cee47a7", "event_type": "job_submitted", "customer": "Iqra Batool", "items": [{"name": "Fruit Custard", "qty": 3, "price": 7}, {"name": "Green Tea", "qty": 3, "price": 3}]}
{"asctime": "2026-09-22 22:42:33,419", "levelname": "INFO", "name": "invoice_app", "message": "Job completed successfully", "service": "invoice_job_queue", "job_id": "47b378cf-28ae-476c-939d-e96880dbc054", "event_type": "job_completed", "invoice_file": "invoices/invoice_47b378cf-28ae-476c-939d-e96880dbc054.pdf", "duration_seconds": 8.007205724716187, "invoice_total": 28}
{"asctime": "2026-09-22 22:42:33,419", "levelname": "INFO", "name": "invoice_app", "message": "Job processing started", "service": "invoice_job_queue", "job_id": "18856f1d-eb6d-456d-b183-7cc70f491331", "event_type": "job_started"}
{"asctime": "2026-09-22 22:42:41,426", "levelname": "INFO", "name": "invoice_app", "message": "Job completed successfully", "service": "invoice_job_queue", "job_id": "18856f1d-eb6d-456d-b183-7cc70f491331", "event_type": "job_completed", "invoice_file": "invoices/invoice_18856f1d-eb6d-456d-b183-7cc70f491331.pdf", "duration_seconds": 8.006637573242188, "invoice_total": 28}
{"asctime": "2026-09-22 22:42:41,426", "levelname": "INFO", "name": "invoice_app", "message": "Job processing started", "service": "invoice_job_queue", "job_id": "95c0a4f7-70ae-4870-beda-4f1fa39a4b03", "event_type": "job_started"}
{"asctime": "2026-09-22 22:42:42,939", "levelname": "INFO", "name": "invoice_app", "message": "Job submitted", "service": "invoice_job_queue", "job_id": "01f5ddd8-0025-4e17-8e34-9974e2f4819f", "event_type": "job_submitted", "customer": "Waleed Nasir", "items": [{"name": "Sticky Date Pudding", "qty": 2, "price": 13}, {"name": "Hot Chocolate", "qty": 2, "price": 6}]}
{"asctime": "2026-09-22 22:42:48,752", "levelname": "INFO", "name": "invoice_app", "message": "Job submitted", "service": "invoice_job_queue", "job_id": "21bd13bf-a358-4b07-96aa-053dfe8b5205", "event_type": "job_submitted", "customer": "Amna Riaz", "items": [{"name": "Almond Barfi", "qty": 6, "price": 3}, {"name": "Pistachio Kulfi", "qty": 2, "price": 5}, {"name": "Chai", "qty": 3, "price": 3}]}
{"asctime": "2026-09-22 22:42:49,435", "levelname": "INFO", "name": "invoice_app", "message": "Job completed successfully", "service": "invoice_job_queue", "job_id": "95c0a4f7-70ae-4870-beda-4f1fa39a4b03", "event_type": "job_completed", "invoice_file": "invoices/invoice_95c0a4f7-70ae-4870-beda-4f1fa39a4b03.pdf", "duration_seconds": 8.008533954620361, "invoice_total": 28}
{"asctime": "2026-09-22 22:42:49,436", "levelname": "INFO", "name": "invoice_app", "message": "Job processing started", "service": "invoice_job_queue", "job_id": "d91deade-b5b1-47d2-801d-4748d4f00374", "event_type": "job_started"}
{"asctime": "2026-09-22 22:42:52,397", "levelname": "INFO", "name": "invoice_app", "message": "Job submitted", "service": "invoice_job_queue", "job_id": "e6745c04-1489-4659-8de5-fae8ea11fd90", "event_type": "job_submitted", "customer": "Talha Sheikh", "items": [{"name": "Caramel Cheesecake", "qty": 1, "price": 24}, {"name": "Macchiato", "qty": 1, "price": 5}]}
{"asctime": "2026-09-22 22:42:57,452", "levelname": "INFO", "name": "invoice_app", "message": "Job completed successfully", "service": "invoice_job_queue", "job_id": "d91deade-b5b1-47d2-801d-4748d4f00374", "event_type": "job_completed", "invoice_file": "invoices/invoice_d91deade-b5b1-47d2-801d-4748d4f00374.pdf", "duration_seconds": 8.01618242263794, "invoice_total": 28}
{"asctime": "2026-09-22 22:42:58,453", "levelname": "INFO", "name": "invoice_app", "message": "Job processing started", "service": "invoice_job_queue", "job_id": "0205e7a4-88b4-49cc-96b5-feded0f0ca92", "event_type": "job_started"}
{"asctime": "2026-09-22 22:43:06,462", "levelname": "INFO", "name": "invoice_app", "message": "Job completed successfully", "service": "invoice_job_queue", "job_id": "0205e7a4-88b4-49cc-96b5-feded0f0ca92", "event_type": "job_completed", "invoice_file": "invoices/invoice_0205e7a4-88b4-49cc-96b5-feded0f0ca92.pdf", "duration_seconds": 8.00812554359436, "invoice_total": 36}
{"asctime": "2026-09-22 22:43:06,462", "levelname": "INFO", "name": "invoice_app", "message": "Job processing started", "service": "invoice_job_queue", "job_id": "6dc1735f-fe84-460c-ab99-d08e4cee47a7", "event_type": "job_started"}
{"asctime": "2026-09-22 22:43:14,472", "levelname": "INFO", "name": "invoice_app", "message": "Job completed successfully", "service": "invoice_job_queue", "job_id": "6dc1735f-fe84-460c-ab99-d08e4cee47a7", "event_type": "job_completed", "invoice_file": "invoices/invoice_6dc1735f-fe84-460c-ab99-d08e4cee47a7.pdf", "duration_seconds": 8.009719610214233, "invoice_total": 30}
{"asctime": "2026-09-22 22:43:14,472", "levelname": "INFO", "name": "invoice_app", "message": "Job processing started", "service": "invoice_job_queue", "job_id": "01f5ddd8-0025-4e17-8e34-9974e2f4819f", "event_type": "job_started"}
{"asctime": "2026-09-22 22:43:22,482", "levelname": "INFO", "name": "invoice_app", "message": "Job completed successfully", "service": "invoice_job_queue", "job_id": "01f5ddd8-0025-4e17-8e34-9974e2f4819f", "event_type": "job_completed", "invoice_file": "invoices/invoice_01f5ddd8-0025-4e17-8e34-9974e2f4819f.pdf", "duration_seconds": 8.009501934051514, "invoice_total": 38}
{"asctime": "2026-09-22 22:43:22,483", "levelname": "INFO", "name": "invoice_app", "message": "Job processing started", "service": "invoice_job_queue", "job_id": "21bd13bf-a358-4b07-96aa-053dfe8b5205", "event_type": "job_started"}
{"asctime": "2026-09-22 22:43:30,500", "levelname": "INFO", "name": "invoice_app", "message": "Job completed successfully", "service": "invoice_job_queue", "job_id": "21bd13bf-a358-4b07-96aa-053dfe8b5205", "event_type": "job_completed", "invoice_file": "invoices/invoice_21bd13bf-a358-4b07-96aa-053dfe8b5205.pdf", "duration_seconds": 8.016392707824707, "invoice_total": 37}
{"asctime": "2026-09-22 22:43:30,500", "levelname": "INFO", "name": "invoice_app", "message": "Job processing started", "service": "invoice_job_queue", "job_id": "e6745c04-1489-4659-8de5-fae8ea11fd90", "event_type": "job_started"}
{"asctime": "2026-09-22 22:43:38,509", "levelname": "INFO", "name": "invoice_app", "message": "Job completed successfully", "service": "invoice_job_queue", "job_id": "e6745c04-1489-4659-8de5-fae8ea11fd90", "event_type": "job_completed", "invoice_file": "invoices/invoice_e6745c04-1489-4659-8de5-fae8ea11fd90.pdf", "duration_seconds": 8.008128881454468, "invoice_total": 29}
{"asctime": "2026-09-22 23:02:19,028", "levelname": "INFO", "name": "invoice_app", "message": "Job submitted", "service": "invoice_job_queue", "job_id": "0c16f549-7cfd-44c2-819d-7bc3d1255606", "event_type": "job_submitted", "customer": "Hira Naveed", "items": [{"name": "Chocolate Souffle", "qty": 2, "price": 14}, {"name": "Mint Tea", "qty": 2, "price": 4}]}
{"asctime": "2026-09-22 23:02:19,219", "levelname": "INFO", "name": "invoice_app", "message": "Job processing started", "service": "invoice_job_queue", "job_id": "0c16f549-7cfd-44c2-819d-7bc3d1255606", "event_type": "job_started"}
{"asctime": "2026-09-22 23:02:22,482", "levelname": "INFO", "name": "invoice_app", "message": "Job submitted", "service": "invoice_job_queue", "job_id": "fb87e33a-7ee9-4386-b6b9-d7d717c4739b", "event_type": "job_submitted", "customer": "Ahsan Malik", "items": [{"name": "Coconut Ladoo", "qty": 5, "price": 3}, {"name": "Baklava Roll", "qty": 2, "price": 8}]}
{"asctime": "2026-09-22 23:02:26,132", "levelname": "INFO", "name": "invoice_app", "message": "Job submitted", "service": "invoice_job_queue", "job_id": "19d46888-8092-4114-9f47-f3825ff97d31", "event_type": "job_submitted", "customer": "Zainab Farooqi", "items": [{"name": "Red Velvet Slice", "qty": 1, "price": 22}, {"name": "Espresso", "qty": 1, "price": 5}]}
{"asctime": "2026-09-22 23:02:27,238", "levelname": "INFO", "name": "invoice_app", "message": "Job completed successfully", "service": "invoice_job_queue", "job_id": "0c16f549-7cfd-44c2-819d-7bc3d1255606", "event_type": "job_completed", "invoice_file": "invoices/invoice_0c16f549-7cfd-44c2-819d-7bc3d1255606.pdf", "duration_seconds": 8.018313884735107, "invoice_total": 36}
{"asctime": "2026-09-22 23:02:28,239", "levelname": "INFO", "name": "invoice_app", "message": "Job processing started", "service": "invoice_job_queue", "job_id": "fb87e33a-7ee9-4386-b6b9-d7d717c4739b", "event_type": "job_started"}
{"asctime": "2026-09-22 23:02:30,426", "levelname": "INFO", "name": "invoice_app", "message": "Job submitted", "service": "invoice_job_queue", "job_id": "c9cb1c58-f6ac-4d0e-9d37-b41c4b649f6f", "event_type": "job_submitted", "customer": "Bilal Aslam", "items": [{"name": "Vanilla Eclair", "qty": 4, "price": 6}, {"name": "Iced Latte", "qty": 3, "price": 6}]}
{"asctime": "2026-09-22 23:02:35,101", "levelname": "INFO", "name": "invoice_app", "message": "Job submitted", "service": "invoice_job_queue", "job_id": "8d826bfe-54b6-4660-a67d-e83028cdabfa", "event_type": "job_submitted", "customer": "Sana Mehmood", "items": [{"name": "Peach Tart", "qty": 2, "price": 11}, {"name": "Chamomile Tea", "qty": 2, "price": 4}]}
{"asctime": "2026-09-22 23:02:36,249", "levelname": "INFO", "name": "invoice_app", "message": "Job completed successfully", "service": "invoice_job_queue", "job_id": "fb87e33a-7ee9-4386-b6b9-d7d717c4739b", "event_type": "job_completed", "invoice_file": "invoices/invoice_fb87e33a-7ee9-4386-b6b9-d7d717c4739b.pdf", "duration_seconds": 8.010024547576904, "invoice_total": 31}
{"asctime": "2026-09-22 23:02:36,250", "levelname": "INFO", "name": "invoice_app", "message": "Job processing started", "service": "invoice_job_queue", "job_id": "19d46888-8092-4114-9f47-f3825ff97d31", "event_type": "job_started"}
{"asctime": "2026-09-22 23:02:38,933", "levelname": "INFO", "name": "invoice_app", "message": "Job submitted", "service": "invoice_job_queue", "job_id": "8c500a09-b480-45ed-a8cf-964a08e218b5", "event_type": "job_submitted", "customer": "Faraz Iqbal", "items": [{"name": "Kunafa Slice", "qty": 3, "price": 9}, {"name": "Turkish Coffee", "qty": 2, "price": 5}]}
{"asctime": "2026-09-22 23:02:42,447", "levelname": "INFO", "name": "invoice_app", "message": "Job submitted", "service": "invoice_job_queue", "job_id": "97472d84-7ca4-44de-be6e-bda685b4b893", "event_type": "job_submitted", "customer": "Mehwish Anwar", "items": [{"name": "Macarons", "qty": 8, "price": 2}, {"name": "Rose Lemonade", "qty": 2, "price": 6}]}
{"asctime": "2026-09-22 23:02:44,258", "levelname": "INFO", "name": "invoice_app", "message": "Job completed successfully", "service": "invoice_job_queue", "job_id": "19d46888-8092-4114-9f47-f3825ff97d31", "event_type": "job_completed", "invoice_file": "invoices/invoice_19d46888-8092-4114-9f47-f3825ff97d31.pdf", "duration_seconds": 8.0078125, "invoice_total": 27}
{"asctime": "2026-09-22 23:02:45,259", "levelname": "INFO", "name": "invoice_app", "message": "Job processing started", "service": "invoice_job_queue", "job_id": "c9cb1c58-f6ac-4d0e-9d37-b41c4b649f6f", "event_type": "job_started"}
{"asctime": "2026-09-22 23:02:47,292", "levelname": "INFO", "name": "invoice_app", "message": "Job submitted", "service": "invoice_job_queue", "job_id": "722e2452-77e0-441d-96e5-7c3bb7534ffe", "event_type": "job_submitted", "customer": "Danish Rauf", "items": [{"name": "Chocolate Fudge Cake", "qty": 1, "price": 26}, {"name": "Cappuccino", "qty": 2, "price": 5}]}
{"asctime": "2026-09-22 23:02:51,150", "levelname": "INFO", "name": "invoice_app", "message": "Job submitted", "service": "invoice_job_queue", "job_id": "d825290d-9a6a-41d6-b018-8c6c8c3dfb5f", "event_type": "job_submitted", "customer": "Iqra Batool", "items": [{"name": "Fruit Custard", "qty": 3, "price": 7}, {"name": "Green Tea", "qty": 3, "price": 3}]}
{"asctime": "2026-09-22 23:02:53,267", "levelname": "INFO", "name": "invoice_app", "message": "Job completed successfully", "service": "invoice_job_queue", "job_id": "c9cb1c58-f6ac-4d0e-9d37-b41c4b649f6f", "event_type": "job_completed", "invoice_file": "invoices/invoice_c9cb1c58-f6ac-4d0e-9d37-b41c4b649f6f.pdf", "duration_seconds": 8.007035732269287, "invoice_total": 42}
{"asctime": "2026-09-22 23:02:53,267", "levelname": "INFO", "name": "invoice_app", "message": "Job processing started", "service": "invoice_job_queue", "job_id": "8d826bfe-54b6-4660-a67d-e83028cdabfa", "event_type": "job_started"}
{"asctime": "2026-09-22 23:02:54,823", "levelname": "INFO", "name": "invoice_app", "message": "Job submitted", "service": "invoice_job_queue", "job_id": "13802cb2-047f-48e5-8b26-48e48b31309e", "event_type": "job_submitted", "customer": "Waleed Nasir", "items": [{"name": "Sticky Date Pudding", "qty": 2, "price": 13}, {"name": "Hot Chocolate", "qty": 2, "price": 6}]}
{"asctime": "2026-09-22 23:02:59,078", "levelname": "INFO", "name": "invoice_app", "message": "Job submitted", "service": "invoice_job_queue", "job_id": "775ee474-c34e-4793-86b3-6528ab07389d", "event_type": "job_submitted", "customer": "Amna Riaz", "items": [{"name": "Almond Barfi", "qty": 6, "price": 3}, {"name": "Pistachio Kulfi", "qty": 2, "price": 5}, {"name": "Chai", "qty": 3, "price": 3}]}
{"asctime": "2026-09-22 23:03:01,275", "levelname": "INFO", "name": "invoice_app", "message": "Job completed successfully", "service": "invoice_job_queue", "job_id": "8d826bfe-54b6-4660-a67d-e83028cdabfa", "event_type": "job_completed", "invoice_file": "invoices/invoice_8d826bfe-54b6-4660-a67d-e83028cdabfa.pdf", "duration_seconds": 8.007627725601196, "invoice_total": 30}
{"asctime": "2026-09-22 23:03:01,276", "levelname": "INFO", "name": "invoice_app", "message": "Job processing started", "service": "invoice_job_queue", "job_id": "8c500a09-b480-45ed-a8cf-964a08e218b5", "event_type": "job_started"}
{"asctime": "2026-09-22 23:03:02,633", "levelname": "INFO", "name": "invoice_app", "message": "Job submitted", "service": "invoice_job_queue", "job_id": "3a416418-5745-4888-bc18-b27f5475f166", "event_type": "job_submitted", "customer": "Talha Sheikh", "items": [{"name": "Caramel Cheesecake", "qty": 1, "price": 24}, {"name": "Macchiato", "qty": 1, "price": 5}]}
{"asctime": "2026-09-22 23:03:06,589", "levelname": "INFO", "name": "invoice_app", "message": "Job submitted", "service": "invoice_job_queue", "job_id": "3f19cc55-34b8-4dd4-96cf-38ef074f1532", "event_type": "job_submitted", "customer": "Nadia Yousaf", "items": [{"name": "Rose Kulfi", "qty": 4, "price": 5}, {"name": "Falooda", "qty": 2, "price": 9}]}
{"asctime": "2026-09-22 23:03:09,285", "levelname": "INFO", "name": "invoice_app", "message": "Job completed successfully", "service": "invoice_job_queue", "job_id": "8c500a09-b480-45ed-a8cf-964a08e218b5", "event_type": "job_completed", "invoice_file": "invoices/invoice_8c500a09-b480-45ed-a8cf-964a08e218b5.pdf", "duration_seconds": 8.008846282958984, "invoice_total": 37}
{"asctime": "2026-09-22 23:03:09,285", "levelname": "INFO", "name": "invoice_app", "message": "Job processing started", "service": "invoice_job_queue", "job_id": "97472d84-7ca4-44de-be6e-bda685b4b893", "event_type": "job_started"}
{"asctime": "2026-09-22 23:03:11,630", "levelname": "INFO", "name": "invoice_app", "message": "Job submitted", "service": "invoice_job_queue", "job_id": "430b928b-b2d7-44a3-948c-ae320fa1e36f", "event_type": "job_submitted", "customer": "Umer Farooq", "items": [{"name": "Baklava Roll", "qty": 3, "price": 8}, {"name": "Arabic Coffee", "qty": 2, "price": 4}]}
{"asctime": "2026-09-22 23:03:17,296", "levelname": "INFO", "name": "invoice_app", "message": "Job completed successfully", "service": "invoice_job_queue", "job_id": "97472d84-7ca4-44de-be6e-bda685b4b893", "event_type": "job_completed", "invoice_file": "invoices/invoice_97472d84-7ca4-44de-be6e-bda685b4b893.pdf", "duration_seconds": 8.009970903396606, "invoice_total": 28}
{"asctime": "2026-09-22 23:03:18,297", "levelname": "INFO", "name": "invoice_app", "message": "Job processing started", "service": "invoice_job_queue", "job_id": "722e2452-77e0-441d-96e5-7c3bb7534ffe", "event_type": "job_started"}
{"asctime": "2026-09-22 23:03:21,113", "levelname": "INFO", "name": "invoice_app", "message": "Job submitted", "service": "invoice_job_queue", "job_id": "1076d785-5bb2-4e65-a14e-9b01a2d9cec2", "event_type": "job_submitted", "customer": "Sara Ilyas", "items": [{"name": "Mango Sorbet", "qty": 2, "price": 10}, {"name": "Sparkling Water", "qty": 2, "price": 3}]}
{"asctime": "2026-09-22 23:03:26,305", "levelname": "INFO", "name": "invoice_app", "message": "Job completed successfully", "service": "invoice_job_queue", "job_id": "722e2452-77e0-441d-96e5-7c3bb7534ffe", "event_type": "job_completed", "invoice_file": "invoices/invoice_722e2452-77e0-441d-96e5-7c3bb7534ffe.pdf", "duration_seconds": 8.008038759231567, "invoice_total": 36}
{"asctime": "2026-09-22 23:03:26,306", "levelname": "INFO", "name": "invoice_app", "message": "Job processing started", "service": "invoice_job_queue", "job_id": "d825290d-9a6a-41d6-b018-8c6c8c3dfb5f", "event_type": "job_started"}
{"asctime": "2026-09-22 23:03:34,313", "levelname": "INFO", "name": "invoice_app", "message": "Job completed successfully", "service": "invoice_job_queue", "job_id": "d825290d-9a6a-41d6-b018-8c6c8c3dfb5f", "event_type": "job_completed", "invoice_file": "invoices/invoice_d825290d-9a6a-41d6-b018-8c6c8c3dfb5f.pdf", "duration_seconds": 8.006702423095703, "invoice_total": 30}
{"asctime": "2026-09-22 23:03:34,314", "levelname": "INFO", "name": "invoice_app", "message": "Job processing started", "service": "invoice_job_queue", "job_id": "13802cb2-047f-48e5-8b26-48e48b31309e", "event_type": "job_started"}
{"asctime": "2026-09-22 23:03:42,322", "levelname": "INFO", "name": "invoice_app", "message": "Job completed successfully", "service": "invoice_job_queue", "job_id": "13802cb2-047f-48e5-8b26-48e48b31309e", "event_type": "job_completed", "invoice_file": "invoices/invoice_13802cb2-047f-48e5-8b26-48e48b31309e.pdf", "duration_seconds": 8.008460521697998, "invoice_total": 38}
{"asctime": "2026-09-22 23:03:42,323", "levelname": "INFO", "name": "invoice_app", "message": "Job processing started", "service": "invoice_job_queue", "job_id": "775ee474-c34e-4793-86b3-6528ab07389d", "event_type": "job_started"}
{"asctime": "2026-09-22 23:03:49,004", "levelname": "INFO", "name": "invoice_app", "message": "Job submitted", "service": "invoice_job_queue", "job_id": "7ced31f9-c3c4-49fd-85cc-dd08bb2baf4c", "event_type": "job_submitted", "customer": "Kamran Yousuf", "items": [{"name": "Tiramisu", "qty": 1, "price": 18}, {"name": "Cortado", "qty": 2, "price": 5}, {"name": "Biscotti", "qty": 3, "price": 2}]}
{"asctime": "2026-09-22 23:03:50,343", "levelname": "INFO", "name": "invoice_app", "message": "Job completed successfully", "service": "invoice_job_queue", "job_id": "775ee474-c34e-4793-86b3-6528ab07389d", "event_type": "job_completed", "invoice_file": "invoices/invoice_775ee474-c34e-4793-86b3-6528ab07389d.pdf", "duration_seconds": 8.020111083984375, "invoice_total": 37}
{"asctime": "2026-09-22 23:03:50,343", "levelname": "INFO", "name": "invoice_app", "message": "Job processing started", "service": "invoice_job_queue", "job_id": "3a416418-5745-4888-bc18-b27f5475f166", "event_type": "job_started"}
{"asctime": "2026-09-22 23:03:54,103", "levelname": "INFO", "name": "invoice_app", "message": "Job submitted", "service": "invoice_job_queue", "job_id": "b0e6351e-c9e2-4b50-a461-673edf1677a9", "event_type": "job_submitted", "customer": "Anosha Shahid", "items": [{"name": "Lemon Bar", "qty": 4, "price": 4}, {"name": "Ginger Tea", "qty": 2, "price": 3}]}
{"asctime": "2026-09-22 23:03:58,201", "levelname": "INFO", "name": "invoice_app", "message": "Job submitted", "service": "invoice_job_queue", "job_id": "da33a08a-ebd3-4932-a349-27a6d8d95916", "event_type": "job_submitted", "customer": "Rayyan Habib", "items": [{"name": "Chocolate Lava Cake", "qty": 2, "price": 13}, {"name": "Vanilla Milkshake", "qty": 2, "price": 7}]}
{"asctime": "2026-09-22 23:03:58,355", "levelname": "INFO", "name": "invoice_app", "message": "Job completed successfully", "service": "invoice_job_queue", "job_id": "3a416418-5745-4888-bc18-b27f5475f166", "event_type": "job_completed", "invoice_file": "invoices/invoice_3a416418-5745-4888-bc18-b27f5475f166.pdf", "duration_seconds": 8.011394500732422, "invoice_total": 29}
{"asctime": "2026-09-22 23:03:58,356", "levelname": "INFO", "name": "invoice_app", "message": "Job processing started", "service": "invoice_job_queue", "job_id": "3f19cc55-34b8-4dd4-96cf-38ef074f1532", "event_type": "job_started"}
{"asctime": "2026-09-22 23:04:02,078", "levelname": "INFO", "name": "invoice_app", "message": "Job submitted", "service": "invoice_job_queue", "job_id": "ad8b0bd0-af65-4416-9097-798f5a3b4158", "event_type": "job_submitted", "customer": "Mahnoor Aziz", "items": [{"name": "Fruit Tart", "qty": 2, "price": 9}, {"name": "Pistachio Latte", "qty": 1, "price": 6}]}
{"asctime": "2026-09-22 23:04:05,686", "levelname": "INFO", "name": "invoice_app", "message": "Job submitted", "service": "invoice_job_queue", "job_id": "8780d99f-6130-49cf-a7ef-7fb8a2be5491", "event_type": "job_submitted", "customer": "Zohaib Nadeem", "items": [{"name": "Cheesecake Bites", "qty": 6, "price": 4}, {"name": "Cold Brew", "qty": 2, "price": 6}]}
{"asctime": "2026-09-22 23:04:06,373", "levelname": "INFO", "name": "invoice_app", "message": "Job completed successfully", "service": "invoice_job_queue", "job_id": "3f19cc55-34b8-4dd4-96cf-38ef074f1532", "event_type": "job_completed", "invoice_file": "invoices/invoice_3f19cc55-34b8-4dd4-96cf-38ef074f1532.pdf", "duration_seconds": 8.016535997390747, "invoice_total": 38}
{"asctime": "2026-09-22 23:04:06,373", "levelname": "INFO", "name": "invoice_app", "message": "Job processing started", "service": "invoice_job_queue", "job_id": "430b928b-b2d7-44a3-948c-ae320fa1e36f", "event_type": "job_started"}
{"asctime": "2026-09-22 23:04:14,382", "levelname": "INFO", "name": "invoice_app", "message": "Job completed successfully", "service": "invoice_job_queue", "job_id": "430b928b-b2d7-44a3-948c-ae320fa1e36f", "event_type": "job_completed", "invoice_file": "invoices/invoice_430b928b-b2d7-44a3-948c-ae320fa1e36f.pdf", "duration_seconds": 8.007882595062256, "invoice_total": 32}
{"asctime": "2026-09-22 23:04:15,392", "levelname": "INFO", "name": "invoice_app", "message": "Job processing started", "service": "invoice_job_queue", "job_id": "1076d785-5bb2-4e65-a14e-9b01a2d9cec2", "event_type": "job_started"}
{"asctime": "2026-09-22 23:04:23,401", "levelname": "INFO", "name": "invoice_app", "message": "Job completed successfully", "service": "invoice_job_queue", "job_id": "1076d785-5bb2-4e65-a14e-9b01a2d9cec2", "event_type": "job_completed", "invoice_file": "invoices/invoice_1076d785-5bb2-4e65-a14e-9b01a2d9cec2.pdf", "duration_seconds": 8.008797407150269, "invoice_total": 26}
{"asctime": "2026-09-22 23:04:23,401", "levelname": "INFO", "name": "invoice_app", "message": "Job processing started", "service": "invoice_job_queue", "job_id": "7ced31f9-c3c4-49fd-85cc-dd08bb2baf4c", "event_type": "job_started"}
{"asctime": "2026-09-22 23:04:31,409", "levelname": "INFO", "name": "invoice_app", "message": "Job completed successfully", "service": "invoice_job_queue", "job_id": "7ced31f9-c3c4-49fd-85cc-dd08bb2baf4c", "event_type": "job_completed", "invoice_file": "invoices/invoice_7ced31f9-c3c4-49fd-85cc-dd08bb2baf4c.pdf", "duration_seconds": 8.007075309753418, "invoice_total": 34}
{"asctime": "2026-09-22 23:04:31,409", "levelname": "INFO", "name": "invoice_app", "message": "Job processing started", "service": "invoice_job_queue", "job_id": "b0e6351e-c9e2-4b50-a461-673edf1677a9", "event_type": "job_started"}
{"asctime": "2026-09-22 23:04:39,417", "levelname": "INFO", "name": "invoice_app", "message": "Job completed successfully", "service": "invoice_job_queue", "job_id": "b0e6351e-c9e2-4b50-a461-673edf1677a9", "event_type": "job_completed", "invoice_file": "invoices/invoice_b0e6351e-c9e2-4b50-a461-673edf1677a9.pdf", "duration_seconds": 8.007036209106445, "invoice_total": 22}
{"asctime": "2026-09-22 23:04:39,417", "levelname": "INFO", "name": "invoice_app", "message": "Job processing started", "service": "invoice_job_queue", "job_id": "da33a08a-ebd3-4932-a349-27a6d8d95916", "event_type": "job_started"}
{"asctime": "2026-09-22 23:04:47,427", "levelname": "INFO", "name": "invoice_app", "message": "Job completed successfully", "service": "invoice_job_queue", "job_id": "da33a08a-ebd3-4932-a349-27a6d8d95916", "event_type": "job_completed", "invoice_file": "invoices/invoice_da33a08a-ebd3-4932-a349-27a6d8d95916.pdf", "duration_seconds": 8.009575128555298, "invoice_total": 40}
{"asctime": "2026-09-22 23:04:47,427", "levelname": "INFO", "name": "invoice_app", "message": "Job processing started", "service": "invoice_job_queue", "job_id": "ad8b0bd0-af65-4416-9097-798f5a3b4158", "event_type": "job_started"}
{"asctime": "2026-09-22 23:04:55,436", "levelname": "INFO", "name": "invoice_app", "message": "Job completed successfully", "service": "invoice_job_queue", "job_id": "ad8b0bd0-af65-4416-9097-798f5a3b4158", "event_type": "job_completed", "invoice_file": "invoices/invoice_ad8b0bd0-af65-4416-9097-798f5a3b4158.pdf", "duration_seconds": 8.00879979133606, "invoice_total": 24}
{"asctime": "2026-09-22 23:04:55,436", "levelname": "INFO", "name": "invoice_app", "message": "Job processing started", "service": "invoice_job_queue", "job_id": "8780d99f-6130-49cf-a7ef-7fb8a2be5491", "event_type": "job_started"}
{"asctime": "2026-09-22 23:05:03,444", "levelname": "INFO", "name": "invoice_app", "message": "Job completed successfully", "service": "invoice_job_queue", "job_id": "8780d99f-6130-49cf-a7ef-7fb8a2be5491", "event_type": "job_completed", "invoice_file": "invoices/invoice_8780d99f-6130-49cf-a7ef-7fb8a2be5491.pdf", "duration_seconds": 8.007772445678711, "invoice_total": 36}
{"asctime": "2026-09-22 23:16:38,649", "levelname": "INFO", "name": "invoice_app", "message": "Job submitted", "service": "invoice_job_queue", "job_id": "5af8af6b-3830-414b-8277-978c8f1221ca", "event_type": "job_submitted", "customer": "Test Debug", "items": [{"name": "Test Item", "qty": 1, "price": 5}]}
{"asctime": "2026-09-22 23:16:38,929", "levelname": "INFO", "name": "invoice_app", "message": "Job processing started", "service": "invoice_job_queue", "job_id": "5af8af6b-3830-414b-8277-978c8f1221ca", "event_type": "job_started"}
{"asctime": "2026-09-22 23:16:46,941", "levelname": "INFO", "name": "invoice_app", "message": "Job completed successfully", "service": "invoice_job_queue", "job_id": "5af8af6b-3830-414b-8277-978c8f1221ca", "event_type": "job_completed", "invoice_file": "invoices/invoice_5af8af6b-3830-414b-8277-978c8f1221ca.pdf", "duration_seconds": 8.011867761611938, "invoice_total": 5}
{"asctime": "2026-09-22 23:21:31,486", "levelname": "INFO", "name": "invoice_app", "message": "Job submitted", "service": "invoice_job_queue", "job_id": "6aa5916c-39cb-4f59-9d50-9e692943f824", "event_type": "job_submitted", "customer": "Fresh Test", "items": [{"name": "Test Item", "qty": 1, "price": 5}]}
{"asctime": "2026-09-22 23:21:32,112", "levelname": "INFO", "name": "invoice_app", "message": "Job processing started", "service": "invoice_job_queue", "job_id": "6aa5916c-39cb-4f59-9d50-9e692943f824", "event_type": "job_started"}
{"asctime": "2026-09-22 23:21:40,122", "levelname": "INFO", "name": "invoice_app", "message": "Job completed successfully", "service": "invoice_job_queue", "job_id": "6aa5916c-39cb-4f59-9d50-9e692943f824", "event_type": "job_completed", "invoice_file": "invoices/invoice_6aa5916c-39cb-4f59-9d50-9e692943f824.pdf", "duration_seconds": 8.008823156356812, "invoice_total": 5}
{"asctime": "2026-09-22 23:24:00,578", "levelname": "INFO", "name": "invoice_app", "message": "Job submitted", "service": "invoice_job_queue", "job_id": "eeda9a93-3ce5-453e-9adb-0d450616b44e", "event_type": "job_submitted", "customer": "Hira Naveed", "items": [{"name": "Chocolate Souffle", "qty": 2, "price": 14}, {"name": "Mint Tea", "qty": 2, "price": 4}]}
{"asctime": "2026-09-22 23:24:01,213", "levelname": "INFO", "name": "invoice_app", "message": "Job processing started", "service": "invoice_job_queue", "job_id": "eeda9a93-3ce5-453e-9adb-0d450616b44e", "event_type": "job_started"}
{"asctime": "2026-09-22 23:24:09,243", "levelname": "INFO", "name": "invoice_app", "message": "Job completed successfully", "service": "invoice_job_queue", "job_id": "eeda9a93-3ce5-453e-9adb-0d450616b44e", "event_type": "job_completed", "invoice_file": "invoices/invoice_eeda9a93-3ce5-453e-9adb-0d450616b44e.pdf", "duration_seconds": 8.029147624969482, "invoice_total": 36}
{"asctime": "2026-09-22 23:24:09,332", "levelname": "INFO", "name": "invoice_app", "message": "Job submitted", "service": "invoice_job_queue", "job_id": "117f3dfa-7c72-40b9-b78e-475d3cc41885", "event_type": "job_submitted", "customer": "Ahsan Malik", "items": [{"name": "Coconut Ladoo", "qty": 5, "price": 3}, {"name": "Baklava Roll", "qty": 2, "price": 8}]}
{"asctime": "2026-09-22 23:24:10,244", "levelname": "INFO", "name": "invoice_app", "message": "Job processing started", "service": "invoice_job_queue", "job_id": "117f3dfa-7c72-40b9-b78e-475d3cc41885", "event_type": "job_started"}
{"asctime": "2026-09-22 23:24:18,253", "levelname": "INFO", "name": "invoice_app", "message": "Job completed successfully", "service": "invoice_job_queue", "job_id": "117f3dfa-7c72-40b9-b78e-475d3cc41885", "event_type": "job_completed", "invoice_file": "invoices/invoice_117f3dfa-7c72-40b9-b78e-475d3cc41885.pdf", "duration_seconds": 8.007366418838501, "invoice_total": 31}
{"asctime": "2026-09-22 23:24:19,299", "levelname": "INFO", "name": "invoice_app", "message": "Job submitted", "service": "invoice_job_queue", "job_id": "2585556e-5e5d-44db-9158-e9cd4d61c805", "event_type": "job_submitted", "customer": "Zainab Farooqi", "items": [{"name": "Red Velvet Slice", "qty": 1, "price": 22}, {"name": "Espresso", "qty": 1, "price": 5}]}
{"asctime": "2026-09-22 23:24:20,254", "levelname": "INFO", "name": "invoice_app", "message": "Job processing started", "service": "invoice_job_queue", "job_id": "2585556e-5e5d-44db-9158-e9cd4d61c805", "event_type": "job_started"}
{"asctime": "2026-09-22 23:24:26,024", "levelname": "INFO", "name": "invoice_app", "message": "Job submitted", "service": "invoice_job_queue", "job_id": "d4d9c951-5ed7-45b0-a032-411a56884b5a", "event_type": "job_submitted", "customer": "Bilal Aslam", "items": [{"name": "Vanilla Eclair", "qty": 4, "price": 6}, {"name": "Iced Latte", "qty": 3, "price": 6}]}
{"asctime": "2026-09-22 23:24:28,274", "levelname": "INFO", "name": "invoice_app", "message": "Job completed successfully", "service": "invoice_job_queue", "job_id": "2585556e-5e5d-44db-9158-e9cd4d61c805", "event_type": "job_completed", "invoice_file": "invoices/invoice_2585556e-5e5d-44db-9158-e9cd4d61c805.pdf", "duration_seconds": 8.01954460144043, "invoice_total": 27}
{"asctime": "2026-09-22 23:24:29,275", "levelname": "INFO", "name": "invoice_app", "message": "Job processing started", "service": "invoice_job_queue", "job_id": "d4d9c951-5ed7-45b0-a032-411a56884b5a", "event_type": "job_started"}
{"asctime": "2026-09-22 23:24:30,414", "levelname": "INFO", "name": "invoice_app", "message": "Job submitted", "service": "invoice_job_queue", "job_id": "ca643c1c-86a3-4dbb-bafd-981929c93a05", "event_type": "job_submitted", "customer": "Sana Mehmood", "items": [{"name": "Peach Tart", "qty": 2, "price": 11}, {"name": "Chamomile Tea", "qty": 2, "price": 4}]}
{"asctime": "2026-09-22 23:24:37,284", "levelname": "INFO", "name": "invoice_app", "message": "Job completed successfully", "service": "invoice_job_queue", "job_id": "d4d9c951-5ed7-45b0-a032-411a56884b5a", "event_type": "job_completed", "invoice_file": "invoices/invoice_d4d9c951-5ed7-45b0-a032-411a56884b5a.pdf", "duration_seconds": 8.00864315032959, "invoice_total": 42}
{"asctime": "2026-09-22 23:24:38,094", "levelname": "INFO", "name": "invoice_app", "message": "Job submitted", "service": "invoice_job_queue", "job_id": "bd8cbe54-da81-43c0-b891-62abe6939c1a", "event_type": "job_submitted", "customer": "Faraz Iqbal", "items": [{"name": "Kunafa Slice", "qty": 3, "price": 9}, {"name": "Turkish Coffee", "qty": 2, "price": 5}]}
{"asctime": "2026-09-22 23:24:38,285", "levelname": "INFO", "name": "invoice_app", "message": "Job processing started", "service": "invoice_job_queue", "job_id": "ca643c1c-86a3-4dbb-bafd-981929c93a05", "event_type": "job_started"}
{"asctime": "2026-09-22 23:24:42,308", "levelname": "INFO", "name": "invoice_app", "message": "Job submitted", "service": "invoice_job_queue", "job_id": "c1bbf7f9-77f9-4d40-884c-0a7bdff68beb", "event_type": "job_submitted", "customer": "Mehwish Anwar", "items": [{"name": "Macarons", "qty": 8, "price": 2}, {"name": "Rose Lemonade", "qty": 2, "price": 6}]}
{"asctime": "2026-09-22 23:24:46,295", "levelname": "INFO", "name": "invoice_app", "message": "Job completed successfully", "service": "invoice_job_queue", "job_id": "ca643c1c-86a3-4dbb-bafd-981929c93a05", "event_type": "job_completed", "invoice_file": "invoices/invoice_ca643c1c-86a3-4dbb-bafd-981929c93a05.pdf", "duration_seconds": 8.009215354919434, "invoice_total": 30}
{"asctime": "2026-09-22 23:24:46,296", "levelname": "INFO", "name": "invoice_app", "message": "Job processing started", "service": "invoice_job_queue", "job_id": "bd8cbe54-da81-43c0-b891-62abe6939c1a", "event_type": "job_started"}
{"asctime": "2026-09-22 23:24:51,024", "levelname": "INFO", "name": "invoice_app", "message": "Job submitted", "service": "invoice_job_queue", "job_id": "5bb721a1-87ca-4cf5-a61c-e20e81a0136a", "event_type": "job_submitted", "customer": "Danish Rauf", "items": [{"name": "Chocolate Fudge Cake", "qty": 1, "price": 26}, {"name": "Cappuccino", "qty": 2, "price": 5}]}
{"asctime": "2026-09-22 23:24:54,304", "levelname": "INFO", "name": "invoice_app", "message": "Job completed successfully", "service": "invoice_job_queue", "job_id": "bd8cbe54-da81-43c0-b891-62abe6939c1a", "event_type": "job_completed", "invoice_file": "invoices/invoice_bd8cbe54-da81-43c0-b891-62abe6939c1a.pdf", "duration_seconds": 8.008245468139648, "invoice_total": 37}
{"asctime": "2026-09-22 23:24:55,305", "levelname": "INFO", "name": "invoice_app", "message": "Job processing started", "service": "invoice_job_queue", "job_id": "c1bbf7f9-77f9-4d40-884c-0a7bdff68beb", "event_type": "job_started"}
{"asctime": "2026-09-22 23:24:55,967", "levelname": "INFO", "name": "invoice_app", "message": "Job submitted", "service": "invoice_job_queue", "job_id": "8a779ac0-4476-4f5e-a3ac-1175b3a1d4ba", "event_type": "job_submitted", "customer": "Iqra Batool", "items": [{"name": "Fruit Custard", "qty": 3, "price": 7}, {"name": "Green Tea", "qty": 3, "price": 3}]}
{"asctime": "2026-09-22 23:24:59,876", "levelname": "INFO", "name": "invoice_app", "message": "Job submitted", "service": "invoice_job_queue", "job_id": "acb99bd8-4ba1-4256-a2a7-897dece9d8be", "event_type": "job_submitted", "customer": "Waleed Nasir", "items": [{"name": "Sticky Date Pudding", "qty": 2, "price": 13}, {"name": "Hot Chocolate", "qty": 2, "price": 6}]}
{"asctime": "2026-09-22 23:25:03,314", "levelname": "INFO", "name": "invoice_app", "message": "Job completed successfully", "service": "invoice_job_queue", "job_id": "c1bbf7f9-77f9-4d40-884c-0a7bdff68beb", "event_type": "job_completed", "invoice_file": "invoices/invoice_c1bbf7f9-77f9-4d40-884c-0a7bdff68beb.pdf", "duration_seconds": 8.0077486038208, "invoice_total": 28}
{"asctime": "2026-09-22 23:25:03,315", "levelname": "INFO", "name": "invoice_app", "message": "Job processing started", "service": "invoice_job_queue", "job_id": "5bb721a1-87ca-4cf5-a61c-e20e81a0136a", "event_type": "job_started"}
{"asctime": "2026-09-22 23:25:03,844", "levelname": "INFO", "name": "invoice_app", "message": "Job submitted", "service": "invoice_job_queue", "job_id": "adad69b5-296e-41d9-8daa-9500761253a3", "event_type": "job_submitted", "customer": "Amna Riaz", "items": [{"name": "Almond Barfi", "qty": 6, "price": 3}, {"name": "Pistachio Kulfi", "qty": 2, "price": 5}, {"name": "Chai", "qty": 3, "price": 3}]}
{"asctime": "2026-09-22 23:25:08,546", "levelname": "INFO", "name": "invoice_app", "message": "Job submitted", "service": "invoice_job_queue", "job_id": "ab319c78-7ae6-4c42-9df2-06c15004c72b", "event_type": "job_submitted", "customer": "Talha Sheikh", "items": [{"name": "Caramel Cheesecake", "qty": 1, "price": 24}, {"name": "Macchiato", "qty": 1, "price": 5}]}
{"asctime": "2026-09-22 23:25:11,323", "levelname": "INFO", "name": "invoice_app", "message": "Job completed successfully", "service": "invoice_job_queue", "job_id": "5bb721a1-87ca-4cf5-a61c-e20e81a0136a", "event_type": "job_completed", "invoice_file": "invoices/invoice_5bb721a1-87ca-4cf5-a61c-e20e81a0136a.pdf", "duration_seconds": 8.008163690567017, "invoice_total": 36}
{"asctime": "2026-09-22 23:25:12,324", "levelname": "INFO", "name": "invoice_app", "message": "Job processing started", "service": "invoice_job_queue", "job_id": "8a779ac0-4476-4f5e-a3ac-1175b3a1d4ba", "event_type": "job_started"}
{"asctime": "2026-09-22 23:25:13,505", "levelname": "INFO", "name": "invoice_app", "message": "Job submitted", "service": "invoice_job_queue", "job_id": "d3981a32-0b66-4fe9-a7ce-9a2633f6fcef", "event_type": "job_submitted", "customer": "Nadia Yousaf", "items": [{"name": "Rose Kulfi", "qty": 4, "price": 5}, {"name": "Falooda", "qty": 2, "price": 9}]}
{"asctime": "2026-09-22 23:25:19,314", "levelname": "INFO", "name": "invoice_app", "message": "Job submitted", "service": "invoice_job_queue", "job_id": "9294ac0f-71d5-4c60-96c1-11f89a3e1529", "event_type": "job_submitted", "customer": "Umer Farooq", "items": [{"name": "Baklava Roll", "qty": 3, "price": 8}, {"name": "Arabic Coffee", "qty": 2, "price": 4}]}
{"asctime": "2026-09-22 23:25:20,346", "levelname": "INFO", "name": "invoice_app", "message": "Job completed successfully", "service": "invoice_job_queue", "job_id": "8a779ac0-4476-4f5e-a3ac-1175b3a1d4ba", "event_type": "job_completed", "invoice_file": "invoices/invoice_8a779ac0-4476-4f5e-a3ac-1175b3a1d4ba.pdf", "duration_seconds": 8.021023988723755, "invoice_total": 30}
{"asctime": "2026-09-22 23:25:20,346", "levelname": "INFO", "name": "invoice_app", "message": "Job processing started", "service": "invoice_job_queue", "job_id": "acb99bd8-4ba1-4256-a2a7-897dece9d8be", "event_type": "job_started"}
{"asctime": "2026-09-22 23:25:27,978", "levelname": "INFO", "name": "invoice_app", "message": "Job submitted", "service": "invoice_job_queue", "job_id": "c06c7004-39ac-4736-bfd0-193fb92f5baf", "event_type": "job_submitted", "customer": "Sara Ilyas", "items": [{"name": "Mango Sorbet", "qty": 2, "price": 10}, {"name": "Sparkling Water", "qty": 2, "price": 3}]}
{"asctime": "2026-09-22 23:25:28,358", "levelname": "INFO", "name": "invoice_app", "message": "Job completed successfully", "service": "invoice_job_queue", "job_id": "acb99bd8-4ba1-4256-a2a7-897dece9d8be", "event_type": "job_completed", "invoice_file": "invoices/invoice_acb99bd8-4ba1-4256-a2a7-897dece9d8be.pdf", "duration_seconds": 8.010675430297852, "invoice_total": 38}
{"asctime": "2026-09-22 23:25:28,358", "levelname": "INFO", "name": "invoice_app", "message": "Job processing started", "service": "invoice_job_queue", "job_id": "adad69b5-296e-41d9-8daa-9500761253a3", "event_type": "job_started"}
{"asctime": "2026-09-22 23:25:33,098", "levelname": "INFO", "name": "invoice_app", "message": "Job submitted", "service": "invoice_job_queue", "job_id": "bfd7020b-4c75-4af5-9eea-53b2a81a8edb", "event_type": "job_submitted", "customer": "Kamran Yousuf", "items": [{"name": "Tiramisu", "qty": 1, "price": 18}, {"name": "Cortado", "qty": 2, "price": 5}, {"name": "Biscotti", "qty": 3, "price": 2}]}
{"asctime": "2026-09-22 23:25:36,372", "levelname": "INFO", "name": "invoice_app", "message": "Job completed successfully", "service": "invoice_job_queue", "job_id": "adad69b5-296e-41d9-8daa-9500761253a3", "event_type": "job_completed", "invoice_file": "invoices/invoice_adad69b5-296e-41d9-8daa-9500761253a3.pdf", "duration_seconds": 8.013631582260132, "invoice_total": 37}
{"asctime": "2026-09-22 23:25:36,373", "levelname": "INFO", "name": "invoice_app", "message": "Job processing started", "service": "invoice_job_queue", "job_id": "ab319c78-7ae6-4c42-9df2-06c15004c72b", "event_type": "job_started"}
{"asctime": "2026-09-22 23:25:37,167", "levelname": "INFO", "name": "invoice_app", "message": "Job submitted", "service": "invoice_job_queue", "job_id": "96e15fb7-d8f4-4035-9509-1f756f8a0cd4", "event_type": "job_submitted", "customer": "Anosha Shahid", "items": [{"name": "Lemon Bar", "qty": 4, "price": 4}, {"name": "Ginger Tea", "qty": 2, "price": 3}]}
{"asctime": "2026-09-22 23:25:44,363", "levelname": "INFO", "name": "invoice_app", "message": "Job submitted", "service": "invoice_job_queue", "job_id": "13fbdb60-5867-46a6-973a-3cb658653931", "event_type": "job_submitted", "customer": "Rayyan Habib", "items": [{"name": "Chocolate Lava Cake", "qty": 2, "price": 13}, {"name": "Vanilla Milkshake", "qty": 2, "price": 7}]}
{"asctime": "2026-09-22 23:25:44,378", "levelname": "INFO", "name": "invoice_app", "message": "Job completed successfully", "service": "invoice_job_queue", "job_id": "ab319c78-7ae6-4c42-9df2-06c15004c72b", "event_type": "job_completed", "invoice_file": "invoices/invoice_ab319c78-7ae6-4c42-9df2-06c15004c72b.pdf", "duration_seconds": 8.005286931991577, "invoice_total": 29}
{"asctime": "2026-09-22 23:25:45,380", "levelname": "INFO", "name": "invoice_app", "message": "Job processing started", "service": "invoice_job_queue", "job_id": "d3981a32-0b66-4fe9-a7ce-9a2633f6fcef", "event_type": "job_started"}
{"asctime": "2026-09-22 23:25:48,801", "levelname": "INFO", "name": "invoice_app", "message": "Job submitted", "service": "invoice_job_queue", "job_id": "2c0711ae-70bf-4f7c-8952-6fd74cbec1f3", "event_type": "job_submitted", "customer": "Mahnoor Aziz", "items": [{"name": "Fruit Tart", "qty": 2, "price": 9}, {"name": "Pistachio Latte", "qty": 1, "price": 6}]}
{"asctime": "2026-09-22 23:25:53,389", "levelname": "INFO", "name": "invoice_app", "message": "Job completed successfully", "service": "invoice_job_queue", "job_id": "d3981a32-0b66-4fe9-a7ce-9a2633f6fcef", "event_type": "job_completed", "invoice_file": "invoices/invoice_d3981a32-0b66-4fe9-a7ce-9a2633f6fcef.pdf", "duration_seconds": 8.00820803642273, "invoice_total": 38}
{"asctime": "2026-09-22 23:25:53,389", "levelname": "INFO", "name": "invoice_app", "message": "Job processing started", "service": "invoice_job_queue", "job_id": "9294ac0f-71d5-4c60-96c1-11f89a3e1529", "event_type": "job_started"}
{"asctime": "2026-09-22 23:25:54,189", "levelname": "INFO", "name": "invoice_app", "message": "Job submitted", "service": "invoice_job_queue", "job_id": "b7d353a4-b8f3-48ab-bfd6-ede514f65e29", "event_type": "job_submitted", "customer": "Zohaib Nadeem", "items": [{"name": "Cheesecake Bites", "qty": 6, "price": 4}, {"name": "Cold Brew", "qty": 2, "price": 6}]}
{"asctime": "2026-09-22 23:26:01,400", "levelname": "INFO", "name": "invoice_app", "message": "Job completed successfully", "service": "invoice_job_queue", "job_id": "9294ac0f-71d5-4c60-96c1-11f89a3e1529", "event_type": "job_completed", "invoice_file": "invoices/invoice_9294ac0f-71d5-4c60-96c1-11f89a3e1529.pdf", "duration_seconds": 8.010241746902466, "invoice_total": 32}
{"asctime": "2026-09-22 23:26:01,400", "levelname": "INFO", "name": "invoice_app", "message": "Job processing started", "service": "invoice_job_queue", "job_id": "c06c7004-39ac-4736-bfd0-193fb92f5baf", "event_type": "job_started"}
{"asctime": "2026-09-22 23:26:09,407", "levelname": "INFO", "name": "invoice_app", "message": "Job completed successfully", "service": "invoice_job_queue", "job_id": "c06c7004-39ac-4736-bfd0-193fb92f5baf", "event_type": "job_completed", "invoice_file": "invoices/invoice_c06c7004-39ac-4736-bfd0-193fb92f5baf.pdf", "duration_seconds": 8.006757259368896, "invoice_total": 26}
{"asctime": "2026-09-22 23:26:09,408", "levelname": "INFO", "name": "invoice_app", "message": "Job processing started", "service": "invoice_job_queue", "job_id": "bfd7020b-4c75-4af5-9eea-53b2a81a8edb", "event_type": "job_started"}
{"asctime": "2026-09-22 23:26:17,420", "levelname": "INFO", "name": "invoice_app", "message": "Job completed successfully", "service": "invoice_job_queue", "job_id": "bfd7020b-4c75-4af5-9eea-53b2a81a8edb", "event_type": "job_completed", "invoice_file": "invoices/invoice_bfd7020b-4c75-4af5-9eea-53b2a81a8edb.pdf", "duration_seconds": 8.012173891067505, "invoice_total": 34}
{"asctime": "2026-09-22 23:26:17,420", "levelname": "INFO", "name": "invoice_app", "message": "Job processing started", "service": "invoice_job_queue", "job_id": "96e15fb7-d8f4-4035-9509-1f756f8a0cd4", "event_type": "job_started"}
{"asctime": "2026-09-22 23:26:25,440", "levelname": "INFO", "name": "invoice_app", "message": "Job completed successfully", "service": "invoice_job_queue", "job_id": "96e15fb7-d8f4-4035-9509-1f756f8a0cd4", "event_type": "job_completed", "invoice_file": "invoices/invoice_96e15fb7-d8f4-4035-9509-1f756f8a0cd4.pdf", "duration_seconds": 8.018841981887817, "invoice_total": 22}
{"asctime": "2026-09-22 23:26:25,440", "levelname": "INFO", "name": "invoice_app", "message": "Job processing started", "service": "invoice_job_queue", "job_id": "13fbdb60-5867-46a6-973a-3cb658653931", "event_type": "job_started"}
{"asctime": "2026-09-22 23:26:33,449", "levelname": "INFO", "name": "invoice_app", "message": "Job completed successfully", "service": "invoice_job_queue", "job_id": "13fbdb60-5867-46a6-973a-3cb658653931", "event_type": "job_completed", "invoice_file": "invoices/invoice_13fbdb60-5867-46a6-973a-3cb658653931.pdf", "duration_seconds": 8.008576154708862, "invoice_total": 40}
{"asctime": "2026-09-22 23:26:34,451", "levelname": "INFO", "name": "invoice_app", "message": "Job processing started", "service": "invoice_job_queue", "job_id": "2c0711ae-70bf-4f7c-8952-6fd74cbec1f3", "event_type": "job_started"}
{"asctime": "2026-09-22 23:26:42,462", "levelname": "INFO", "name": "invoice_app", "message": "Job completed successfully", "service": "invoice_job_queue", "job_id": "2c0711ae-70bf-4f7c-8952-6fd74cbec1f3", "event_type": "job_completed", "invoice_file": "invoices/invoice_2c0711ae-70bf-4f7c-8952-6fd74cbec1f3.pdf", "duration_seconds": 8.010461330413818, "invoice_total": 24}
{"asctime": "2026-09-22 23:26:42,462", "levelname": "INFO", "name": "invoice_app", "message": "Job processing started", "service": "invoice_job_queue", "job_id": "b7d353a4-b8f3-48ab-bfd6-ede514f65e29", "event_type": "job_started"}
{"asctime": "2026-09-22 23:26:50,472", "levelname": "INFO", "name": "invoice_app", "message": "Job completed successfully", "service": "invoice_job_queue", "job_id": "b7d353a4-b8f3-48ab-bfd6-ede514f65e29", "event_type": "job_completed", "invoice_file": "invoices/invoice_b7d353a4-b8f3-48ab-bfd6-ede514f65e29.pdf", "duration_seconds": 8.009953737258911, "invoice_total": 36}
{"asctime": "2026-09-22 23:32:11,353", "levelname": "INFO", "name": "invoice_app", "message": "Job submitted", "service": "invoice_job_queue", "job_id": "641b79c5-5935-4b19-b532-c117c9154231", "event_type": "job_submitted", "customer": "Zohaib Nadeem", "items": [{"name": "Cheesecake Bites", "qty": 6, "price": 4}, {"name": "Cold Brew", "qty": 2, "price": 6}]}
{"asctime": "2026-09-22 23:32:11,667", "levelname": "INFO", "name": "invoice_app", "message": "Job processing started", "service": "invoice_job_queue", "job_id": "641b79c5-5935-4b19-b532-c117c9154231", "event_type": "job_started"}
{"asctime": "2026-09-22 23:32:19,678", "levelname": "INFO", "name": "invoice_app", "message": "Job completed successfully", "service": "invoice_job_queue", "job_id": "641b79c5-5935-4b19-b532-c117c9154231", "event_type": "job_completed", "invoice_file": "invoices/invoice_641b79c5-5935-4b19-b532-c117c9154231.pdf", "duration_seconds": 8.00991439819336, "invoice_total": 36}
{"asctime": "2026-09-22 23:54:43,121", "levelname": "INFO", "name": "invoice_app", "message": "Job submitted", "service": "invoice_job_queue", "job_id": "629b78ae-d6ca-4e2f-9c43-39fc945a6f4f", "event_type": "job_submitted", "customer": "Zohaib Nadeem", "items": [{"name": "Cheesecake Bites", "qty": 6, "price": 4}, {"name": "Cold Brew", "qty": 2, "price": 6}]}
{"asctime": "2026-09-22 23:54:43,477", "levelname": "INFO", "name": "invoice_app", "message": "Job processing started", "service": "invoice_job_queue", "job_id": "629b78ae-d6ca-4e2f-9c43-39fc945a6f4f", "event_type": "job_started"}
{"asctime": "2026-09-22 23:54:51,481", "levelname": "INFO", "name": "invoice_app", "message": "Job completed successfully", "service": "invoice_job_queue", "job_id": "629b78ae-d6ca-4e2f-9c43-39fc945a6f4f", "event_type": "job_completed", "invoice_file": "invoices/invoice_629b78ae-d6ca-4e2f-9c43-39fc945a6f4f.pdf", "duration_seconds": 8.003663778305054, "invoice_total": 36}
{"asctime": "2026-09-23 00:02:28,506", "levelname": "INFO", "name": "invoice_app", "message": "Job submitted", "service": "invoice_job_queue", "job_id": "aacab918-9448-4a65-b168-266ece85cb40", "event_type": "job_submitted", "customer": "Rida Aftab", "items": [{"name": "Chocolate Mousse Cup", "qty": 2, "price": 9}]}
{"asctime": "2026-09-23 00:02:28,758", "levelname": "INFO", "name": "invoice_app", "message": "Job processing started", "service": "invoice_job_queue", "job_id": "aacab918-9448-4a65-b168-266ece85cb40", "event_type": "job_started"}
{"asctime": "2026-09-23 00:02:36,769", "levelname": "INFO", "name": "invoice_app", "message": "Job completed successfully", "service": "invoice_job_queue", "job_id": "aacab918-9448-4a65-b168-266ece85cb40", "event_type": "job_completed", "invoice_file": "invoices/invoice_aacab918-9448-4a65-b168-266ece85cb40.pdf", "duration_seconds": 8.009556531906128, "invoice_total": 18}
{"asctime": "2026-09-23 00:02:44,871", "levelname": "INFO", "name": "invoice_app", "message": "Job submitted", "service": "invoice_job_queue", "job_id": "c1234cba-4171-4801-b6dc-4575f4566ef5", "event_type": "job_submitted", "customer": "Rida Aftab", "items": [{"name": "Chocolate Mousse Cup", "qty": 2, "price": 9}, {"name": "Tiramisu Slice", "qty": 1, "price": 15}, {"name": "Iced Caramel Latte", "qty": 2, "price": 6}, {"name": "Almond Croissant", "qty": 3, "price": 5}]}
{"asctime": "2026-09-23 00:02:45,776", "levelname": "INFO", "name": "invoice_app", "message": "Job processing started", "service": "invoice_job_queue", "job_id": "c1234cba-4171-4801-b6dc-4575f4566ef5", "event_type": "job_started"}
{"asctime": "2026-09-23 00:02:53,803", "levelname": "INFO", "name": "invoice_app", "message": "Job completed successfully", "service": "invoice_job_queue", "job_id": "c1234cba-4171-4801-b6dc-4575f4566ef5", "event_type": "job_completed", "invoice_file": "invoices/invoice_c1234cba-4171-4801-b6dc-4575f4566ef5.pdf", "duration_seconds": 8.02662706375122, "invoice_total": 60}
